id,sound_class,azimuth
test_260913755,engine,-80
test_260913262,engine,-80
test_260911392,engine,-80
test_260911610,engine,80
test_260909684,engine,-80
test_260909538,engine,80
test_260911563,engine,-80
test_260913018,engine,-80
test_260912996,engine,-80
test_260912960,engine,-80
test_260911565,engine,-80
test_260912646,engine,-80
test_260909199,engine,-80
test_260913442,engine,-80
test_260912930,engine,80
test_260910393,engine,80
test_260909966,engine,-80
test_260911577,engine,-80
test_260911672,engine,-80
test_260912149,engine,80
test_260909184,engine,80
test_260910681,engine,-80
test_260910139,engine,-80
test_260912898,engine,80
test_260913929,engine,80
test_260909752,engine,80
test_260911335,engine,-80
test_260912617,engine,80
test_260909359,engine,-80
test_260909722,engine,-80
test_260912483,engine,-80
test_260913744,engine,80
test_260910970,engine,-80
test_260911933,engine,80
test_260909223,engine,80
test_260913294,engine,80
test_260911538,engine,80
test_260912061,engine,80
test_260910726,engine,-80
test_260913382,engine,80
test_260910666,engine,80
test_260913579,engine,80
test_260913658,engine,-80
test_260909763,engine,80
test_260913642,engine,-80
test_260909622,engine,80
test_260913295,engine,-80
test_260909638,engine,80
test_260911705,engine,-80
test_260910497,engine,80
test_260911187,engine,80
test_260912695,engine,80
test_260911504,engine,80
test_260909795,engine,80
test_260910630,engine,-80
test_260913112,engine,-80
test_260910967,engine,80
test_260911837,engine,80
test_260913091,engine,80
test_260910213,engine,80
test_260909634,engine,-80
test_260912886,engine,80
test_260909227,engine,80
test_260911501,engine,80
test_260913093,engine,-80
test_260912013,engine,80
test_260913627,engine,-80
test_260911778,engine,80
test_260912168,engine,-80
test_260909236,engine,-80
test_260910548,engine,-80
test_260913009,engine,-80
test_260911667,engine,80
test_260910411,engine,80
test_260913030,engine,80
test_260913352,engine,80
test_260912151,engine,80
test_260912448,engine,80
test_260912259,engine,80
test_260910112,engine,80
test_260912515,engine,80
test_260913720,engine,-80
test_260910298,engine,80
test_260910153,engine,-80
test_260910941,engine,80
test_260912085,engine,80
test_260912944,engine,80
test_260911191,engine,80
test_260910492,engine,-80
test_260911500,engine,80
test_260913969,engine,80
test_260912250,engine,80
test_260913282,engine,80
test_260909305,engine,-80
test_260909346,engine,-80
test_260911051,engine,-80
test_260909461,engine,80
test_260912877,engine,80
test_260912895,engine,-80
test_260910371,engine,-80
test_260911033,engine,80
test_260910721,engine,-80
test_260911909,engine,80
test_260912644,engine,80
test_260911591,engine,-80
test_260911624,engine,-80
test_260912325,engine,-80
test_260912217,engine,80
test_260911410,engine,-80
test_260911054,engine,80
test_260910505,engine,-80
test_260913950,engine,80
test_260910292,engine,-80
test_260910924,engine,-80
test_260912909,engine,80
test_260910334,engine,80
test_260913927,engine,80
test_260910736,engine,80
test_260910196,engine,80
test_260910690,engine,80
test_260910663,engine,-80
test_260909118,engine,80
test_260911312,engine,-80
test_260909299,engine,80
test_260912039,engine,-80
test_260913917,engine,80
test_260912663,engine,80
test_260909371,engine,80
test_260910876,engine,80
test_260910185,engine,80
test_260909559,engine,80
test_260913986,engine,80
test_260913847,engine,-80
test_260910418,engine,-80
test_260909092,engine,80
test_260912925,engine,80
test_260912484,engine,80
test_260911015,engine,80
test_260912998,engine,80
test_260911652,engine,-80
test_260913308,engine,80
test_260911323,engine,80
test_260912970,engine,-80
test_260910978,engine,80
test_260909949,engine,80
test_260912234,engine,-80
test_260911390,engine,80
test_260910143,engine,-80
test_260913696,engine,80
test_260912954,engine,80
test_260910162,engine,80
test_260912647,engine,80
test_260913454,engine,80
test_260911703,engine,-80
test_260913251,engine,-80
test_260912454,engine,-80
test_260913995,engine,80
test_260910759,engine,-80
test_260911258,engine,80
test_260911831,engine,80
test_260910084,engine,-80
test_260912832,engine,80
test_260909968,engine,80
test_260913868,engine,80
test_260911160,engine,-80
test_260912874,engine,-80
test_260909894,engine,80
test_260909487,engine,-80
test_260911113,engine,80
test_260911476,engine,80
test_260910792,engine,-80
test_260910403,engine,-80
test_260911728,engine,-80
test_260911061,engine,-80
test_260910467,engine,-80
test_260910742,engine,80
test_260911798,engine,-80
test_260910296,engine,80
test_260911676,engine,-80
test_260913686,engine,-80
test_260909436,engine,-80
test_260911169,engine,80
test_260912911,engine,80
test_260909293,engine,-80
test_260913827,engine,80
test_260911064,engine,80
test_260912373,engine,-80
test_260910155,engine,80
test_260910878,engine,80
test_260910611,engine,-80
test_260912810,engine,80
test_260912489,engine,80
test_260909804,engine,80
test_260909990,engine,-80
test_260912439,engine,-80
test_260910834,engine,80
test_260912586,engine,80
test_260909835,engine,80
test_260909790,engine,-80
test_260913784,engine,-80
test_260910923,engine,-80
test_260910745,engine,80
test_260912717,engine,-80
test_260912003,engine,80
test_260911827,engine,80
test_260912571,engine,80
test_260912089,engine,-80
test_260911088,engine,-80
test_260910513,engine,80
test_260910705,engine,80
test_260910957,engine,80
test_260913011,engine,80
test_260910701,engine,80
test_260913073,engine,-80
test_260910440,engine,-80
test_260912940,engine,-80
test_260912337,engine,80
test_260909267,engine,-80
test_260911717,engine,-80
test_260910416,engine,80
test_260909008,engine,-80
test_260909672,engine,-80
test_260912879,engine,80
test_260911115,engine,-80
test_260913677,engine,80
test_260911507,engine,-80
test_260910361,engine,80
test_260913611,engine,80
test_260912868,engine,80
test_260909554,engine,-80
test_260910625,engine,80
test_260911416,engine,-80
test_260910714,engine,-80
test_260913071,engine,-80
test_260912939,engine,80
test_260909181,engine,-80
test_260911742,engine,-80
test_260911986,engine,80
test_260913246,engine,80
test_260911330,engine,80
test_260912990,engine,80
test_260912130,engine,80
test_260910322,engine,80
test_260913659,engine,80
test_260912017,engine,80
test_260910483,engine,80
test_260911228,engine,-80
test_260913298,engine,-80
test_260913648,engine,-80
test_260913951,engine,-80
test_260910885,engine,-80
test_260911712,engine,80
test_260910852,engine,-80
test_260913290,engine,-80
test_260911069,engine,80
test_260913674,engine,80
test_260910919,engine,80
test_260913805,engine,-80
test_260910741,engine,-80
test_260910816,engine,-80
test_260910595,engine,80
test_260913644,engine,-80
test_260910808,engine,80
test_260912124,engine,80
test_260910407,engine,80
test_260910011,engine,80
test_260912015,engine,80
test_260912863,engine,80
test_260910540,engine,80
test_260910075,engine,80
test_260910751,engine,80
test_260913992,engine,80
test_260913543,engine,-80
test_260912339,engine,-80
test_260911895,engine,80
test_260910698,engine,-80
test_260912982,engine,80
test_260910820,engine,-80
test_260910796,engine,80
test_260912230,engine,-80
test_260912006,engine,-80
test_260910094,engine,80
test_260910215,engine,-80
test_260912129,engine,-80
test_260911466,engine,80
test_260913058,engine,-80
test_260909694,engine,-80
test_260911838,engine,-80
test_260910159,engine,80
test_260913617,engine,-80
test_260910598,engine,-80
test_260913066,engine,-80
test_260911772,engine,80
test_260910959,engine,-80
test_260910365,engine,80
test_260913054,engine,80
test_260911527,engine,80
test_260911059,engine,80
test_260910421,engine,80
test_260911150,engine,80
test_260909391,engine,-80
test_260910831,engine,80
test_260911265,engine,-80
test_260912426,engine,80
test_260909680,engine,80
test_260910339,engine,80
test_260911336,engine,80
test_260909094,engine,80
test_260911540,engine,80
test_260910040,engine,-80
test_260909240,engine,-80
test_260911006,engine,80
test_260911361,engine,-80
test_260909806,engine,-80
test_260913335,engine,-80
test_260910352,engine,-80
test_260912035,engine,80
test_260912645,engine,80
test_260910628,engine,80
test_260913591,engine,-80
test_260909457,engine,80
test_260912497,engine,-80
test_260912683,engine,-80
test_260912760,engine,80
test_260912086,engine,-80
test_260913448,engine,-80
test_260911180,engine,-80
test_260912306,engine,-80
test_260913960,engine,-80
test_260909284,engine,-80
test_260910332,engine,80
test_260911978,engine,-80
test_260913017,engine,80
test_260910574,engine,80
test_260912307,engine,80
test_260913623,engine,80
test_260910150,engine,-80
test_260909759,engine,-80
test_260910120,engine,80
test_260909650,engine,-80
test_260911830,engine,80
test_260909252,engine,80
test_260912355,engine,-80
test_260909379,engine,-80
test_260909410,engine,-80
test_260909828,engine,80
test_260912947,engine,80
test_260911494,engine,80
test_260912245,engine,80
test_260911102,engine,-80
test_260909140,engine,80
test_260911322,engine,80
test_260911108,engine,80
test_260913292,engine,-80
test_260910031,engine,-80
test_260912133,engine,-80
test_260913420,engine,-80
test_260913761,engine,-80
test_260913399,engine,80
test_260913918,engine,80
test_260912541,engine,80
test_260909824,engine,80
test_260909021,engine,80
test_260911060,engine,80
test_260909766,engine,80
test_260909887,engine,-80
test_260909131,engine,-80
test_260913896,engine,-80
test_260911386,engine,80
test_260910024,engine,-80
test_260909688,engine,-80
test_260912755,engine,80
test_260913416,engine,80
test_260909729,engine,-80
test_260910927,engine,80
test_260911271,engine,-80
test_260910316,engine,80
test_260912615,engine,80
test_260911254,engine,80
test_260909496,engine,80
test_260909932,engine,80
test_260909916,engine,-80
test_260910865,engine,80
test_260912115,engine,-80
test_260911341,engine,-80
test_260910098,engine,-80
test_260909264,engine,80
test_260913966,engine,-80
test_260913766,engine,80
test_260913116,engine,80
test_260912687,engine,80
test_260909153,engine,80
test_260911276,engine,80
test_260913404,engine,-80
test_260913336,engine,80
test_260911947,engine,80
test_260911869,engine,80
test_260912959,engine,80
test_260912472,engine,-80
test_260910188,engine,80
test_260911790,engine,-80
test_260912936,engine,80
test_260912155,engine,80
test_260912932,engine,80
test_260913602,engine,-80
test_260909212,engine,-80
test_260912025,engine,-80
test_260910184,engine,-80
test_260912993,engine,-80
test_260909832,engine,-80
test_260912058,engine,80
test_260911235,engine,-80
test_260909712,engine,80
test_260913537,engine,-80
test_260912527,engine,80
test_260913185,engine,80
test_260912122,engine,80
test_260912440,engine,80
test_260909096,engine,80
test_260913669,engine,-80
test_260909296,engine,80
test_260913586,engine,80
test_260913615,engine,80
test_260911342,engine,80
test_260909336,engine,80
test_260910560,engine,80
test_260911240,engine,-80
test_260910389,engine,80
test_260913403,engine,80
test_260913162,engine,-80
test_260913731,engine,80
test_260909837,engine,80
test_260910274,engine,80
test_260912906,engine,-80
test_260913794,engine,-80
test_260913538,engine,80
test_260910951,engine,-80
test_260909704,engine,-80
test_260913415,engine,80
test_260911333,engine,80
test_260912767,engine,-80
test_260909078,engine,80
test_260909676,engine,80
test_260910002,engine,80
test_260909995,engine,-80
test_260909983,engine,-80
test_260910437,engine,-80
test_260909412,engine,-80
test_260911274,engine,-80
test_260909324,engine,80
test_260912225,engine,80
test_260911796,engine,-80
test_260912475,engine,-80
test_260912671,engine,80
test_260910825,engine,-80
test_260910753,engine,80
test_260911179,engine,80
test_260910142,engine,-80
test_260909203,engine,80
test_260912573,engine,80
test_260910561,engine,80
test_260912092,engine,-80
test_260912395,engine,80
test_260912059,engine,80
test_260909405,engine,-80
test_260909289,engine,-80
test_260909601,engine,-80
test_260910360,engine,80
test_260912267,engine,-80
test_260909045,engine,80
test_260909558,engine,-80
test_260911247,engine,-80
test_260913213,engine,-80
test_260909349,engine,-80
test_260912196,engine,80
test_260911807,engine,-80
test_260912027,engine,80
test_260913983,engine,80
test_260911820,engine,80
test_260913675,engine,-80
test_260910571,engine,-80
test_260910822,engine,-80
test_260912729,engine,80
test_260910103,engine,80
test_260911109,engine,80
test_260912988,engine,-80
test_260909420,engine,80
test_260912882,engine,80
test_260913134,engine,-80
test_260909407,engine,80
test_260910243,engine,80
test_260910214,engine,80
test_260911405,engine,80
test_260912568,engine,-80
test_260911738,engine,80
test_260909095,engine,80
test_260913958,engine,-80
test_260910866,engine,-80
test_260912349,engine,80
test_260912577,engine,-80
test_260912920,engine,80
test_260911957,engine,80
test_260910065,engine,80
test_260912962,engine,80
test_260910788,engine,-80
test_260911377,engine,80
test_260909997,engine,80
test_260912233,engine,-80
test_260913895,engine,-80
test_260909157,engine,-80
test_260913354,engine,80
test_260913536,engine,-80
test_260909513,engine,80
test_260912953,engine,-80
test_260911324,engine,80
test_260910847,engine,80
test_260910995,engine,-80
test_260912686,engine,-80
test_260909679,engine,-80
test_260910319,engine,-80
test_260909716,engine,80
test_260913972,engine,-80
test_260911996,engine,80
test_260913105,engine,80
test_260909295,engine,-80
test_260909902,engine,-80
test_260909067,engine,-80
test_260910508,engine,-80
test_260912626,engine,-80
test_260909642,engine,80
test_260910579,engine,80
test_260911440,engine,80
test_260911202,engine,-80
test_260911248,engine,-80
test_260913637,engine,-80
test_260909439,engine,-80
test_260911521,engine,80
test_260911877,engine,80
test_260909845,engine,80
test_260912033,engine,-80
test_260912743,engine,80
test_260911369,engine,-80
test_260910534,engine,-80
test_260910591,engine,80
test_260909394,engine,-80
test_260910533,engine,-80
test_260909965,engine,-80
test_260910420,engine,80
test_260909681,engine,-80
test_260912631,engine,-80
test_260911841,engine,80
test_260913713,engine,-80
test_260913624,engine,-80
test_260910303,engine,-80
test_260909508,engine,80
test_260911632,engine,80
test_260912283,engine,80
test_260909152,engine,80
test_260909903,engine,80
test_260910718,engine,-80
test_260913111,engine,-80
test_260912501,engine,80
test_260911699,engine,-80
test_260913740,engine,-80
test_260913279,engine,80
test_260911263,engine,-80
test_260912981,engine,80
test_260909884,engine,80
test_260909519,engine,80
test_260913984,engine,80
test_260911898,engine,-80
test_260909101,engine,-80
test_260912312,engine,-80
test_260912690,engine,80
test_260912800,engine,80
test_260912860,engine,80
test_260913622,engine,80
test_260912310,engine,80
test_260912591,engine,-80
test_260911950,engine,80
test_260910794,engine,80
test_260913862,engine,80
test_260910100,engine,80
test_260912020,engine,80
test_260910258,engine,-80
test_260912380,engine,80
test_260913141,engine,-80
test_260913128,engine,80
test_260909126,engine,-80
test_260913388,engine,80
test_260912192,engine,80
test_260913898,engine,80
test_260909998,engine,80
test_260913631,engine,-80
test_260909414,engine,-80
test_260911401,engine,80
test_260910695,engine,80
test_260911488,engine,80
test_260913600,engine,-80
test_260910798,engine,80
test_260910657,engine,80
test_260909733,engine,80
test_260910656,engine,80
test_260913050,engine,-80
test_260910256,engine,80
test_260912704,engine,80
test_260912345,engine,-80
test_260911045,engine,-80
test_260910935,engine,80
test_260912219,engine,80
test_260910385,engine,-80
test_260912809,engine,-80
test_260911493,engine,80
test_260913788,engine,-80
test_260909518,engine,-80
test_260910735,engine,80
test_260911257,engine,80
test_260910898,engine,80
test_260910734,engine,-80
test_260912638,engine,80
test_260913513,engine,-80
test_260909424,engine,-80
test_260910187,engine,80
test_260909819,engine,80
test_260911760,engine,80
test_260910115,engine,-80
test_260911876,engine,80
test_260912526,engine,80
test_260913432,engine,-80
test_260913812,engine,-80
test_260910201,engine,80
test_260913692,engine,80
test_260910225,engine,80
test_260911723,engine,80
test_260911824,engine,80
test_260911670,engine,80
test_260911887,engine,80
test_260911027,engine,80
test_260911645,engine,80
test_260912592,engine,80
test_260909756,engine,80
test_260913492,engine,-80
test_260911002,engine,80
test_260909775,engine,80
test_260909883,engine,-80
test_260913106,engine,80
test_260909560,engine,-80
test_260913356,engine,80
test_260912525,engine,-80
test_260912125,engine,80
test_260913801,engine,80
test_260913038,engine,80
test_260913558,engine,80
test_260909357,engine,-80
test_260912719,engine,-80
test_260910720,engine,-80
test_260909441,engine,80
test_260909606,engine,-80
test_260912537,engine,80
test_260909623,engine,-80
test_260909494,engine,80
test_260909662,engine,-80
test_260913916,engine,80
test_260909698,engine,-80
test_260912876,engine,80
test_260913515,engine,80
test_260910246,engine,80
test_260912178,engine,80
test_260909922,engine,-80
test_260913122,engine,80
test_260913323,engine,-80
test_260909373,engine,-80
test_260909402,engine,80
test_260913002,engine,80
test_260909328,engine,80
test_260909552,engine,80
test_260909900,engine,80
test_260913020,engine,-80
test_260911218,engine,80
test_260912239,engine,80
test_260911496,engine,80
test_260913900,engine,80
test_260911185,engine,80
test_260911953,engine,80
test_260912539,engine,80
test_260909007,engine,80
test_260910032,engine,-80
test_260909034,engine,80
test_260912827,engine,80
test_260910372,engine,-80
test_260909695,engine,-80
test_260911547,engine,-80
test_260909169,engine,-80
test_260912854,engine,-80
test_260910765,engine,80
test_260912857,engine,-80
test_260911313,engine,80
test_260913645,engine,80
test_260909931,engine,80
test_260910699,engine,80
test_260912948,engine,-80
test_260911697,engine,80
test_260911081,engine,80
test_260911754,engine,-80
test_260910762,engine,80
test_260912046,engine,80
test_260911940,engine,80
test_260912927,engine,80
test_260912823,engine,-80
test_260909022,engine,-80
test_260910069,engine,80
test_260912992,engine,80
test_260911463,engine,80
test_260911131,engine,80
test_260910135,engine,-80
test_260912106,engine,-80
test_260911346,engine,-80
test_260910539,engine,-80
test_260910578,engine,-80
test_260910525,engine,-80
test_260911628,engine,80
test_260913405,engine,-80
test_260912411,engine,80
test_260911732,engine,-80
test_260910236,engine,80
test_260913626,engine,80
test_260913398,engine,80
test_260912799,engine,80
test_260909821,engine,-80
test_260913478,engine,80
test_260913811,engine,80
test_260912197,engine,80
test_260911989,engine,-80
test_260909702,engine,80
test_260910943,engine,80
test_260910375,engine,80
test_260910163,engine,80
test_260911794,engine,-80
test_260911170,engine,80
test_260912328,engine,80
test_260913464,engine,-80
test_260909202,engine,80
test_260909532,engine,80
test_260913067,engine,80
test_260913553,engine,80
test_260912279,engine,-80
test_260909784,engine,-80
test_260910773,engine,80
test_260911005,engine,-80
test_260912815,engine,-80
test_260911714,engine,80
test_260910899,engine,80
test_260909509,engine,80
test_260911304,engine,80
test_260911702,engine,-80
test_260911427,engine,-80
test_260910900,engine,80
test_260913596,engine,-80
test_260911086,engine,-80
test_260912785,engine,-80
test_260909893,engine,80
test_260910717,engine,-80
test_260911619,engine,80
test_260912116,engine,-80
test_260909458,engine,80
test_260912330,engine,80
test_260912518,engine,80
test_260913301,engine,80
test_260913407,engine,-80
test_260910430,engine,-80
test_260909483,engine,80
test_260909230,engine,80
test_260912934,engine,-80
test_260910137,engine,80
test_260910890,engine,80
test_260913484,engine,-80
test_260910145,engine,80
test_260912120,engine,-80
test_260912684,engine,80
test_260910109,engine,-80
test_260912924,engine,-80
test_260912258,engine,80
test_260910983,engine,-80
test_260913589,engine,80
test_260912369,engine,80
test_260909406,engine,-80
test_260913076,engine,-80
test_260911856,engine,80
test_260910280,engine,-80
test_260912486,engine,80
test_260909292,engine,80
test_260909794,engine,80
test_260910472,engine,-80
test_260910029,engine,-80
test_260910809,engine,-80
test_260909014,engine,80
test_260909896,engine,-80
test_260909711,engine,80
test_260913956,engine,80
test_260909682,engine,80
test_260911443,engine,-80
test_260913753,engine,80
test_260912458,engine,-80
test_260909774,engine,-80
test_260911939,engine,-80
test_260910338,engine,-80
test_260910423,engine,-80
test_260911590,engine,-80
test_260913377,engine,-80
test_260912689,engine,-80
test_260913678,engine,-80
test_260912536,engine,-80
test_260913783,engine,80
test_260911216,engine,-80
test_260913706,engine,-80
test_260910175,engine,80
test_260911492,engine,80
test_260912824,engine,-80
test_260909706,engine,80
test_260909171,engine,80
test_260913498,engine,-80
test_260912612,engine,-80
test_260913211,engine,80
test_260909205,engine,80
test_260910840,engine,-80
test_260913572,engine,-80
test_260911283,engine,-80
test_260911411,engine,-80
test_260911639,engine,80
test_260913117,engine,-80
test_260909163,engine,80
test_260910166,engine,80
test_260910593,engine,80
test_260912252,engine,80
test_260911133,engine,-80
test_260909823,engine,80
test_260911536,engine,-80
test_260910015,engine,-80
test_260909016,engine,80
test_260911997,engine,80
test_260912850,engine,-80
test_260911526,engine,-80
test_260911863,engine,80
test_260912119,engine,80
test_260911564,engine,-80
test_260910562,engine,-80
test_260913281,engine,-80
test_260913676,engine,-80
test_260910181,engine,80
test_260912534,engine,-80
test_260909102,engine,80
test_260911097,engine,80
test_260909384,engine,-80
test_260913547,engine,-80
test_260912987,engine,80
test_260913358,engine,80
test_260912008,engine,80
test_260911519,engine,-80
test_260911851,engine,80
test_260911620,engine,-80
test_260913451,engine,80
test_260912838,engine,80
test_260910419,engine,80
test_260913860,engine,80
test_260912980,engine,-80
test_260909732,engine,80
test_260910321,engine,-80
test_260911477,engine,80
test_260909448,engine,80
test_260910028,engine,80
test_260909557,engine,-80
test_260909176,engine,80
test_260913914,engine,-80
test_260909492,engine,-80
test_260909066,engine,80
test_260913433,engine,80
test_260912969,engine,80
test_260913151,engine,80
test_260913561,engine,80
test_260910826,engine,80
test_260910930,engine,-80
test_260910637,engine,80
test_260910212,engine,80
test_260911077,engine,-80
test_260910830,engine,80
test_260911111,engine,80
test_260910896,engine,-80
test_260910422,engine,-80
test_260910146,engine,-80
test_260913504,engine,-80
test_260909320,engine,-80
test_260912828,engine,-80
test_260911925,engine,-80
test_260912184,engine,-80
test_260912057,engine,-80
test_260909656,engine,80
test_260912156,engine,80
test_260910545,engine,80
test_260911836,engine,-80
test_260913230,engine,80
test_260913000,engine,80
test_260910814,engine,80
test_260913353,engine,-80
test_260912237,engine,-80
test_260911334,engine,-80
test_260909477,engine,-80
test_260912974,engine,80
test_260910248,engine,80
test_260912432,engine,-80
test_260913265,engine,-80
test_260913509,engine,80
test_260910255,engine,-80
test_260910999,engine,80
test_260911661,engine,80
test_260909751,engine,80
test_260909446,engine,80
test_260910740,engine,80
test_260912842,engine,-80
test_260909977,engine,-80
test_260909851,engine,80
test_260913528,engine,80
test_260912209,engine,-80
test_260910635,engine,-80
test_260911603,engine,80
test_260912676,engine,-80
test_260912311,engine,-80
test_260910038,engine,80
test_260912908,engine,80
test_260910177,engine,-80
test_260912054,engine,80
test_260909808,engine,80
test_260910113,engine,80
test_260909187,engine,80
test_260910392,engine,80
test_260910238,engine,-80
test_260910729,engine,80
test_260911906,engine,-80
test_260910302,engine,-80
test_260910782,engine,-80
test_260910320,engine,-80
test_260913471,engine,80
test_260909986,engine,80
test_260912583,engine,-80
test_260913703,engine,80
test_260911331,engine,80
test_260913612,engine,-80
test_260911553,engine,80
test_260910824,engine,80
test_260913882,engine,-80
test_260910413,engine,80
test_260911587,engine,80
test_260911167,engine,-80
test_260910894,engine,80
test_260909238,engine,-80
test_260909918,engine,-80
test_260912413,engine,80
test_260910610,engine,80
test_260911680,engine,80
test_260913364,engine,80
test_260912073,engine,80
test_260909309,engine,80
test_260909183,engine,80
test_260910089,engine,80
test_260913297,engine,80
test_260910133,engine,-80
test_260910877,engine,80
test_260913748,engine,-80
test_260911309,engine,80
test_260910079,engine,-80
test_260912629,engine,-80
test_260909889,engine,80
test_260911242,engine,80
test_260913605,engine,80
test_260912763,engine,80
test_260912044,engine,80
test_260913897,engine,80
test_260912334,engine,-80
test_260909938,engine,-80
test_260913942,engine,-80
test_260910689,engine,80
test_260913621,engine,80
test_260910078,engine,80
test_260910803,engine,-80
test_260910956,engine,80
test_260909105,engine,80
test_260909389,engine,-80
test_260909255,engine,80
test_260910952,engine,80
test_260911883,engine,80
test_260909973,engine,-80
test_260913894,engine,80
test_260909003,engine,80
test_260913435,engine,80
test_260909677,engine,80
test_260912675,engine,-80
test_260911770,engine,80
test_260910081,engine,-80
test_260913549,engine,80
test_260911689,engine,80
test_260911268,engine,-80
test_260913470,engine,80
test_260909099,engine,80
test_260909119,engine,80
test_260913036,engine,80
test_260909190,engine,80
test_260913526,engine,80
test_260913651,engine,-80
test_260913800,engine,-80
test_260912804,engine,-80
test_260914000,engine,80
test_260909657,engine,-80
test_260910045,engine,80
test_260910883,engine,80
test_260911429,engine,-80
test_260912533,engine,80
test_260909911,engine,80
test_260913026,engine,80
test_260910415,engine,80
test_260913884,engine,-80
test_260910873,engine,-80
test_260910683,engine,80
test_260913173,engine,80
test_260913802,engine,80
test_260911311,engine,-80
test_260913777,engine,80
test_260911749,engine,-80
test_260913400,engine,-80
test_260913289,engine,80
test_260909547,engine,-80
test_260912166,engine,80
test_260910434,engine,80
test_260911099,engine,80
test_260910904,engine,80
test_260913226,engine,80
test_260910764,engine,-80
test_260910763,engine,-80
test_260913738,engine,80
test_260911597,engine,-80
test_260911238,engine,-80
test_260913493,engine,80
test_260909249,engine,-80
test_260913499,engine,80
test_260911129,engine,-80
test_260913447,engine,-80
test_260910318,engine,80
test_260913541,engine,-80
test_260913684,engine,80
test_260909608,engine,80
test_260911736,engine,80
test_260910962,engine,80
test_260912435,engine,80
test_260912659,engine,-80
test_260913796,engine,80
test_260912231,engine,-80
test_260913064,engine,-80
test_260910363,engine,-80
test_260913869,engine,80
test_260910186,engine,80
test_260911478,engine,80
test_260913201,engine,80
test_260910605,engine,80
test_260911156,engine,80
test_260913749,engine,-80
test_260910141,engine,-80
test_260909637,engine,80
test_260910207,engine,-80
test_260912904,engine,80
test_260912870,engine,-80
test_260912281,engine,80
test_260912113,engine,80
test_260912780,engine,-80
test_260912588,engine,-80
test_260911120,engine,80
test_260912383,engine,80
test_260910412,engine,80
test_260912750,engine,80
test_260911119,engine,-80
test_260910218,engine,80
test_260913915,engine,-80
test_260912338,engine,80
test_260910614,engine,80
test_260910917,engine,80
test_260912725,engine,-80
test_260912049,engine,-80
test_260909607,engine,80
test_260913970,engine,80
test_260909572,engine,-80
test_260910323,engine,-80
test_260909791,engine,80
test_260909423,engine,80
test_260912731,engine,80
test_260910977,engine,80
test_260911153,engine,80
test_260911101,engine,-80
test_260911482,engine,-80
test_260912820,engine,-80
test_260911046,engine,80
test_260911415,engine,-80
test_260913046,engine,80
test_260913445,engine,-80
test_260910712,engine,80
test_260912318,engine,-80
test_260910295,engine,-80
test_260913663,engine,-80
test_260910465,engine,-80
test_260909831,engine,-80
test_260912097,engine,-80
test_260913366,engine,-80
test_260909529,engine,-80
test_260911985,engine,-80
test_260911731,engine,-80
test_260912792,engine,80
test_260910076,engine,-80
test_260909135,engine,80
test_260910526,engine,-80
test_260909619,engine,80
test_260909953,engine,80
test_260911922,engine,-80
test_260912869,engine,-80
test_260909210,engine,80
test_260911934,engine,80
test_260909043,engine,80
test_260910518,engine,80
test_260911104,engine,80
test_260912740,engine,80
test_260911176,engine,-80
test_260911487,engine,-80
test_260909692,engine,-80
test_260909565,engine,80
test_260910884,engine,-80
test_260913764,engine,80
test_260910070,engine,80
test_260911673,engine,80
test_260911016,engine,-80
test_260910005,engine,-80
test_260913989,engine,-80
test_260910013,engine,-80
test_260913333,engine,80
test_260913152,engine,-80
test_260912299,engine,80
test_260910832,engine,-80
test_260910428,engine,-80
test_260913061,engine,80
test_260911484,engine,-80
test_260909011,engine,-80
test_260909919,engine,80
test_260910043,engine,-80
test_260911441,engine,80
test_260911079,engine,80
test_260909281,engine,-80
test_260910447,engine,80
test_260911726,engine,-80
test_260911205,engine,80
test_260910066,engine,-80
test_260913691,engine,-80
test_260912853,engine,80
test_260909500,engine,80
test_260913535,engine,80
test_260909482,engine,80
test_260912900,engine,-80
test_260913150,engine,80
test_260913660,engine,-80
test_260913142,engine,80
test_260913770,engine,80
test_260911816,engine,-80
test_260913467,engine,80
test_260911558,engine,80
test_260909555,engine,80
test_260909580,engine,80
test_260909785,engine,80
test_260911606,engine,80
test_260911881,engine,80
test_260913013,engine,-80
test_260909158,engine,-80
test_260911886,engine,-80
test_260911399,engine,80
test_260909504,engine,80
test_260912546,engine,-80
test_260913595,engine,80
test_260910880,engine,-80
test_260910004,engine,80
test_260913449,engine,80
test_260912050,engine,80
test_260909571,engine,80
test_260913782,engine,-80
test_260913286,engine,80
test_260912266,engine,-80
test_260909947,engine,-80
test_260913418,engine,80
test_260911080,engine,80
test_260913192,engine,80
test_260913275,engine,-80
test_260910165,engine,-80
test_260912297,engine,-80
test_260909221,engine,-80
test_260912503,engine,80
test_260910812,engine,-80
test_260911031,engine,-80
test_260913288,engine,-80
test_260911372,engine,80
test_260910313,engine,-80
test_260911083,engine,80
test_260909144,engine,-80
test_260910948,engine,80
test_260911381,engine,80
test_260909174,engine,80
test_260909810,engine,80
test_260909739,engine,80
test_260913315,engine,80
test_260910149,engine,80
test_260910170,engine,80
test_260909631,engine,80
test_260910537,engine,80
test_260910223,engine,-80
test_260909141,engine,-80
test_260910644,engine,80
test_260910971,engine,80
test_260913557,engine,80
test_260909950,engine,-80
test_260910343,engine,-80
test_260909934,engine,-80
test_260912915,engine,80
test_260911523,engine,-80
test_260909207,engine,80
test_260912114,engine,80
test_260912642,engine,80
test_260909177,engine,-80
test_260910312,engine,-80
test_260912402,engine,80
test_260910570,engine,-80
test_260912836,engine,-80
test_260909031,engine,80
test_260913276,engine,80
test_260911000,engine,80
test_260909946,engine,-80
test_260911885,engine,-80
test_260911087,engine,80
test_260910178,engine,80
test_260912165,engine,80
test_260911320,engine,-80
test_260912921,engine,80
test_260909815,engine,-80
test_260911961,engine,80
test_260911146,engine,-80
test_260913955,engine,80
test_260911219,engine,-80
test_260909290,engine,-80
test_260912943,engine,-80
test_260911935,engine,-80
test_260912667,engine,-80
test_260911004,engine,-80
test_260912065,engine,-80
test_260912751,engine,-80
test_260912625,engine,80
test_260913008,engine,-80
test_260911043,engine,80
test_260911512,engine,80
test_260911434,engine,80
test_260911859,engine,80
test_260913818,engine,80
test_260913705,engine,80
test_260913314,engine,80
test_260912324,engine,-80
test_260910341,engine,80
test_260910111,engine,80
test_260912575,engine,80
test_260910264,engine,-80
test_260911294,engine,80
test_260913239,engine,-80
test_260909979,engine,80
test_260910654,engine,80
test_260913219,engine,80
test_260913402,engine,-80
test_260911188,engine,80
test_260909049,engine,80
test_260909727,engine,-80
test_260910772,engine,80
test_260910535,engine,80
test_260909675,engine,-80
test_260909612,engine,-80
test_260911534,engine,80
test_260911880,engine,80
test_260909842,engine,80
test_260912628,engine,80
test_260913933,engine,80
test_260910850,engine,-80
test_260912736,engine,-80
test_260913793,engine,80
test_260909372,engine,-80
test_260911539,engine,80
test_260910836,engine,80
test_260912727,engine,-80
test_260912321,engine,-80
test_260911293,engine,80
test_260913414,engine,80
test_260912326,engine,80
test_260910036,engine,80
test_260909400,engine,-80
test_260911337,engine,80
test_260909596,engine,-80
test_260911902,engine,-80
test_260913376,engine,80
test_260911641,engine,-80
test_260911063,engine,80
test_260912213,engine,80
test_260911613,engine,80
test_260909051,engine,-80
test_260910989,engine,80
test_260909829,engine,-80
test_260909386,engine,-80
test_260911762,engine,80
test_260910232,engine,-80
test_260911955,engine,80
test_260913957,engine,-80
test_260910401,engine,80
test_260913394,engine,80
test_260911292,engine,80
test_260911963,engine,80
test_260911656,engine,-80
test_260911407,engine,80
test_260912024,engine,80
test_260909337,engine,80
test_260909460,engine,-80
test_260910676,engine,80
test_260913269,engine,-80
test_260910875,engine,80
test_260910164,engine,-80
test_260911047,engine,80
test_260909244,engine,-80
test_260910340,engine,80
test_260911082,engine,-80
test_260911633,engine,-80
test_260910279,engine,-80
test_260910640,engine,-80
test_260912701,engine,80
test_260909462,engine,80
test_260911612,engine,80
test_260910087,engine,80
test_260912841,engine,-80
test_260911528,engine,80
test_260909850,engine,80
test_260913143,engine,-80
test_260909075,engine,-80
test_260913477,engine,-80
test_260911208,engine,80
test_260913587,engine,80
test_260911285,engine,-80
test_260909885,engine,-80
test_260911251,engine,-80
test_260910922,engine,80
test_260912446,engine,80
test_260911727,engine,80
test_260911799,engine,80
test_260912012,engine,80
test_260909282,engine,-80
test_260912082,engine,80
test_260912741,engine,80
test_260909109,engine,80
test_260913650,engine,-80
test_260910432,engine,80
test_260912123,engine,-80
test_260912651,engine,-80
test_260911021,engine,80
test_260912396,engine,-80
test_260910311,engine,80
test_260913695,engine,-80
test_260912108,engine,-80
test_260910997,engine,-80
test_260913562,engine,-80
test_260912602,engine,-80
test_260913383,engine,-80
test_260911014,engine,-80
test_260909353,engine,80
test_260910940,engine,80
test_260912309,engine,-80
test_260909368,engine,-80
test_260910425,engine,-80
test_260913089,engine,-80
test_260913552,engine,-80
test_260910821,engine,80
test_260910600,engine,80
test_260909805,engine,80
test_260911608,engine,80
test_260909311,engine,-80
test_260909742,engine,80
test_260910758,engine,-80
test_260912351,engine,80
test_260910979,engine,-80
test_260911767,engine,-80
test_260910263,engine,-80
test_260911982,engine,-80
test_260909489,engine,-80
test_260910197,engine,80
test_260913172,engine,80
test_260912088,engine,80
test_260911459,engine,-80
test_260911194,engine,80
test_260912161,engine,-80
test_260910287,engine,80
test_260912633,engine,80
test_260911264,engine,-80
test_260913321,engine,-80
test_260910478,engine,80
test_260909512,engine,-80
test_260913326,engine,-80
test_260912589,engine,-80
test_260911879,engine,80
test_260910388,engine,80
test_260911347,engine,80
test_260910815,engine,-80
test_260910725,engine,-80
test_260909019,engine,-80
test_260910789,engine,80
test_260910052,engine,-80
test_260911430,engine,80
test_260909440,engine,80
test_260909348,engine,-80
test_260910090,engine,80
test_260912441,engine,-80
test_260910569,engine,80
test_260913371,engine,80
test_260910511,engine,80
test_260910000,engine,-80
test_260912090,engine,-80
test_260910345,engine,80
test_260911730,engine,80
test_260913625,engine,-80
test_260911206,engine,-80
test_260911520,engine,80
test_260909648,engine,-80
test_260910118,engine,80
test_260913474,engine,-80
test_260910976,engine,80
test_260909651,engine,-80
test_260913635,engine,-80
test_260910254,engine,80
test_260912538,engine,80
test_260911143,engine,80
test_260911755,engine,-80
test_260912348,engine,80
test_260911162,engine,-80
test_260911249,engine,80
test_260913241,engine,-80
test_260911173,engine,80
test_260913661,engine,80
test_260912032,engine,80
test_260911948,engine,-80
test_260912786,engine,80
test_260910082,engine,80
test_260911803,engine,-80
test_260913206,engine,80
test_260911853,engine,-80
test_260911991,engine,80
test_260913505,engine,-80
test_260911533,engine,-80
test_260911860,engine,80
test_260912699,engine,-80
test_260911052,engine,-80
test_260912661,engine,-80
test_260909366,engine,80
test_260909125,engine,80
test_260910882,engine,80
test_260910965,engine,80
test_260909707,engine,80
test_260912094,engine,80
test_260910665,engine,80
test_260911584,engine,-80
test_260910653,engine,-80
test_260910921,engine,80
test_260910553,engine,80
test_260913507,engine,-80
test_260911402,engine,80
test_260910854,engine,-80
test_260911801,engine,80
test_260911983,engine,80
test_260912093,engine,80
test_260913837,engine,-80
test_260913136,engine,-80
test_260912821,engine,80
test_260911423,engine,-80
test_260909670,engine,-80
test_260912530,engine,-80
test_260910061,engine,-80
test_260913742,engine,80
test_260912366,engine,-80
test_260912737,engine,80
test_260912425,engine,80
test_260912218,engine,-80
test_260911787,engine,-80
test_260912444,engine,80
test_260913694,engine,-80
test_260911192,engine,80
test_260911107,engine,80
test_260913863,engine,-80
test_260910022,engine,80
test_260910436,engine,80
test_260909589,engine,80
test_260911068,engine,-80
test_260913374,engine,-80
test_260913798,engine,80
test_260909376,engine,-80
test_260911746,engine,-80
test_260913147,engine,80
test_260911576,engine,80
test_260909543,engine,-80
test_260911174,engine,80
test_260911932,engine,-80
test_260912606,engine,-80
test_260909350,engine,80
test_260909762,engine,80
test_260910652,engine,-80
test_260912835,engine,80
test_260910444,engine,80
test_260910037,engine,-80
test_260910129,engine,80
test_260910273,engine,-80
test_260913815,engine,80
test_260912414,engine,80
test_260909251,engine,80
test_260911358,engine,80
test_260911028,engine,-80
test_260913497,engine,-80
test_260910855,engine,80
test_260910034,engine,-80
test_260910026,engine,-80
test_260911128,engine,80
test_260913919,engine,-80
test_260910290,engine,80
test_260913590,engine,-80
test_260913682,engine,80
test_260909419,engine,80
test_260910747,engine,-80
test_260911404,engine,-80
test_260912808,engine,-80
test_260910594,engine,-80
test_260912222,engine,80
test_260912327,engine,-80
test_260912021,engine,80
test_260911400,engine,80
test_260911800,engine,-80
test_260910541,engine,-80
test_260909002,engine,80
test_260913904,engine,80
test_260909147,engine,-80
test_260910633,engine,-80
test_260912935,engine,80
test_260913699,engine,-80
test_260909417,engine,80
test_260911693,engine,-80
test_260911524,engine,-80
test_260913899,engine,-80
test_260912248,engine,-80
test_260912206,engine,80
test_260912494,engine,80
test_260912789,engine,80
test_260911424,engine,80
test_260912579,engine,80
test_260910996,engine,80
test_260913880,engine,-80
test_260910617,engine,80
test_260912979,engine,80
test_260913327,engine,-80
test_260913139,engine,80
test_260913055,engine,-80
test_260912062,engine,80
test_260911903,engine,-80
test_260912121,engine,-80
test_260912127,engine,80
test_260909740,engine,-80
test_260911340,engine,-80
test_260910521,engine,80
test_260912848,engine,-80
test_260913049,engine,80
test_260913387,engine,80
test_260909944,engine,-80
test_260912442,engine,-80
test_260912229,engine,-80
test_260911019,engine,80
test_260912214,engine,-80
test_260910909,engine,-80
test_260911744,engine,80
test_260911750,engine,-80
test_260911966,engine,80
test_260910684,engine,80
test_260912154,engine,-80
test_260912391,engine,80
test_260913125,engine,80
test_260911968,engine,80
test_260911058,engine,-80
test_260912871,engine,80
test_260913803,engine,80
test_260910174,engine,-80
test_260909506,engine,-80
test_260913465,engine,-80
test_260911275,engine,80
test_260909276,engine,80
test_260912677,engine,80
test_260913852,engine,-80
test_260913207,engine,-80
test_260910367,engine,80
test_260911914,engine,80
test_260913214,engine,-80
test_260909250,engine,-80
test_260913968,engine,80
test_260911281,engine,80
test_260909863,engine,80
test_260913584,engine,-80
test_260912359,engine,80
test_260910853,engine,-80
test_260909342,engine,80
test_260909115,engine,-80
test_260909757,engine,80
test_260913391,engine,-80
test_260909535,engine,-80
test_260909321,engine,-80
test_260911039,engine,-80
test_260913022,engine,-80
test_260911448,engine,80
test_260911198,engine,80
test_260910543,engine,80
test_260911395,engine,-80
test_260909329,engine,-80
test_260910304,engine,-80
test_260910520,engine,80
test_260912778,engine,80
test_260913199,engine,80
test_260913814,engine,-80
test_260911829,engine,-80
test_260913598,engine,-80
test_260911911,engine,-80
test_260913188,engine,80
test_260913902,engine,-80
test_260909048,engine,-80
test_260912365,engine,-80
test_260911272,engine,-80
test_260909974,engine,80
test_260910558,engine,80
test_260909352,engine,-80
test_260912614,engine,80
test_260910799,engine,80
test_260910382,engine,-80
test_260913593,engine,-80
test_260910195,engine,-80
test_260913028,engine,80
test_260913846,engine,80
test_260911870,engine,80
test_260909972,engine,-80
test_260912393,engine,-80
test_260910793,engine,80
test_260911882,engine,-80
test_260909536,engine,-80
test_260909083,engine,80
test_260912462,engine,-80
test_260910027,engine,80
test_260911825,engine,80
test_260909314,engine,-80
test_260909438,engine,80
test_260910210,engine,80
test_260912744,engine,80
test_260912422,engine,80
test_260910933,engine,-80
test_260910203,engine,-80
test_260912890,engine,-80
test_260912455,engine,-80
test_260911626,engine,80
test_260911314,engine,-80
test_260912273,engine,80
test_260911485,engine,80
test_260913222,engine,80
test_260910123,engine,80
test_260909915,engine,80
test_260912997,engine,80
test_260913633,engine,80
test_260911044,engine,80
test_260911472,engine,-80
test_260911573,engine,-80
test_260909005,engine,80
test_260910261,engine,80
test_260911918,engine,-80
test_260910117,engine,-80
test_260909668,engine,-80
test_260913892,engine,80
test_260913619,engine,80
test_260909338,engine,80
test_260913068,engine,-80
test_260912466,engine,80
test_260912428,engine,80
test_260909761,engine,-80
test_260910370,engine,-80
test_260913687,engine,-80
test_260910620,engine,-80
test_260910770,engine,-80
test_260911546,engine,80
test_260912261,engine,-80
test_260911503,engine,80
test_260909937,engine,80
test_260913458,engine,-80
test_260913424,engine,-80
test_260910373,engine,-80
test_260909779,engine,-80
test_260909468,engine,80
test_260909425,engine,80
test_260909017,engine,-80
test_260913652,engine,80
test_260911048,engine,80
test_260910649,engine,-80
test_260911574,engine,-80
test_260911561,engine,-80
test_260910987,engine,-80
test_260913683,engine,80
test_260909178,engine,-80
test_260911479,engine,-80
test_260912771,engine,80
test_260911147,engine,80
test_260911435,engine,80
test_260910348,engine,80
test_260913982,engine,80
test_260910785,engine,-80
test_260912360,engine,-80
test_260912523,engine,80
test_260909562,engine,-80
test_260910867,engine,-80
test_260912095,engine,80
test_260909703,engine,80
test_260909009,engine,-80
test_260913428,engine,-80
test_260912404,engine,-80
test_260911105,engine,80
test_260911204,engine,80
test_260912897,engine,80
test_260912265,engine,80
test_260911024,engine,80
test_260911926,engine,-80
test_260911517,engine,-80
test_260912490,engine,80
test_260910892,engine,80
test_260909754,engine,-80
test_260913393,engine,80
test_260911518,engine,80
test_260912453,engine,80
test_260913490,engine,-80
test_260910949,engine,-80
test_260912159,engine,80
test_260913832,engine,-80
test_260913891,engine,-80
test_260909304,engine,-80
test_260913171,engine,80
test_260912242,engine,-80
test_260913380,engine,80
test_260913324,engine,80
test_260910743,engine,80
test_260911775,engine,80
test_260910134,engine,-80
test_260911184,engine,-80
test_260910095,engine,-80
test_260909736,engine,-80
test_260912999,engine,80
test_260912498,engine,-80
test_260909941,engine,-80
test_260913256,engine,-80
test_260913483,engine,-80
test_260911758,engine,-80
test_260912976,engine,80
test_260910551,engine,-80
test_260913284,engine,-80
test_260909279,engine,80
test_260911344,engine,80
test_260910968,engine,80
test_260913993,engine,-80
test_260911614,engine,-80
test_260911020,engine,-80
test_260909870,engine,80
test_260909615,engine,80
test_260910601,engine,-80
test_260913410,engine,80
test_260913735,engine,-80
test_260910658,engine,-80
test_260913468,engine,80
test_260912593,engine,80
test_260910062,engine,80
test_260910288,engine,80
test_260911567,engine,-80
test_260912989,engine,80
test_260912069,engine,80
test_260909478,engine,80
test_260910039,engine,-80
test_260909948,engine,-80
test_260909773,engine,-80
test_260909354,engine,80
test_260912618,engine,-80
test_260912224,engine,-80
test_260913100,engine,-80
test_260912752,engine,80
test_260911531,engine,-80
test_260911277,engine,80
test_260910391,engine,80
test_260912420,engine,80
test_260910964,engine,-80
test_260912157,engine,80
test_260912370,engine,-80
test_260910091,engine,-80
test_260913779,engine,-80
test_260912078,engine,-80
test_260912026,engine,80
test_260910475,engine,-80
test_260910687,engine,-80
test_260909076,engine,80
test_260909858,engine,-80
test_260911913,engine,80
test_260911529,engine,-80
test_260913378,engine,-80
test_260911327,engine,-80
test_260910787,engine,-80
test_260912371,engine,80
test_260913021,engine,-80
test_260910453,engine,80
test_260911445,engine,-80
test_260913859,engine,-80
test_260911847,engine,80
test_260912227,engine,-80
test_260909871,engine,80
test_260912016,engine,80
test_260913014,engine,-80
test_260913121,engine,80
test_260909569,engine,-80
test_260913316,engine,-80
test_260912364,engine,-80
test_260911299,engine,-80
test_260913727,engine,-80
test_260910379,engine,-80
test_260911660,engine,-80
test_260909840,engine,-80
test_260909247,engine,-80
test_260912598,engine,-80
test_260913048,engine,80
test_260913063,engine,80
test_260909777,engine,-80
test_260911010,engine,-80
test_260913842,engine,-80
test_260911056,engine,-80
test_260910662,engine,-80
test_260910688,engine,-80
test_260913272,engine,80
test_260909452,engine,80
test_260911686,engine,80
test_260911152,engine,80
test_260913816,engine,80
test_260909521,engine,80
test_260912301,engine,80
test_260911552,engine,80
test_260912656,engine,80
test_260911550,engine,80
test_260911199,engine,80
test_260910916,engine,-80
test_260913839,engine,80
test_260912344,engine,-80
test_260912728,engine,-80
test_260910547,engine,80
test_260912775,engine,80
test_260913303,engine,80
test_260909395,engine,80
test_260911338,engine,80
test_260912552,engine,-80
test_260910359,engine,80
test_260912128,engine,-80
test_260913210,engine,80
test_260912162,engine,-80
test_260913920,engine,-80
test_260910227,engine,80
test_260910474,engine,80
test_260913702,engine,-80
test_260910267,engine,-80
test_260909776,engine,-80
test_260910622,engine,80
test_260910376,engine,80
test_260913775,engine,80
test_260912256,engine,-80
test_260913903,engine,-80
test_260911393,engine,80
test_260910397,engine,-80
test_260909924,engine,80
test_260913494,engine,-80
test_260909799,engine,80
test_260910337,engine,80
test_260912822,engine,80
test_260910506,engine,80
test_260911884,engine,80
test_260911513,engine,80
test_260913237,engine,80
test_260911741,engine,-80
test_260912087,engine,-80
test_260910285,engine,80
test_260912322,engine,80
test_260911694,engine,80
test_260910985,engine,-80
test_260911163,engine,-80
test_260912423,engine,-80
test_260913248,engine,-80
test_260913824,engine,80
test_260912766,engine,80
test_260911977,engine,-80
test_260913389,engine,-80
test_260909474,engine,80
test_260913819,engine,-80
test_260913821,engine,80
test_260912747,engine,80
test_260912710,engine,80
test_260909778,engine,80
test_260910731,engine,80
test_260911708,engine,80
test_260910315,engine,-80
test_260911030,engine,80
test_260909217,engine,-80
test_260909542,engine,-80
test_260909380,engine,80
test_260913850,engine,-80
test_260909162,engine,80
test_260910473,engine,80
test_260913943,engine,80
test_260911530,engine,80
test_260913750,engine,80
test_260912028,engine,-80
test_260909432,engine,-80
test_260913736,engine,80
test_260910157,engine,80
test_260910791,engine,80
test_260909731,engine,80
test_260910283,engine,80
test_260913939,engine,-80
test_260910219,engine,-80
test_260912343,engine,-80
test_260911426,engine,80
test_260911227,engine,80
test_260913384,engine,-80
test_260910901,engine,-80
test_260911942,engine,80
test_260911944,engine,-80
test_260910817,engine,-80
test_260913881,engine,80
test_260911135,engine,80
test_260909145,engine,-80
test_260913218,engine,-80
test_260912535,engine,80
test_260912803,engine,80
test_260910843,engine,80
test_260911154,engine,80
test_260913306,engine,-80
test_260912955,engine,80
test_260913530,engine,-80
test_260912433,engine,-80
test_260910286,engine,80
test_260911273,engine,80
test_260912241,engine,-80
test_260911793,engine,-80
test_260912511,engine,-80
test_260911116,engine,-80
test_260913522,engine,80
test_260913857,engine,80
test_260912673,engine,-80
test_260910928,engine,80
test_260912679,engine,80
test_260913791,engine,80
test_260912368,engine,-80
test_260913132,engine,80
test_260910328,engine,-80
test_260911923,engine,80
test_260912126,engine,80
test_260912300,engine,80
test_260913873,engine,80
test_260911266,engine,80
test_260909081,engine,-80
test_260912522,engine,-80
test_260909700,engine,80
test_260912880,engine,80
test_260909332,engine,-80
test_260913909,engine,80
test_260912144,engine,80
test_260910963,engine,-80
test_260909715,engine,-80
test_260909265,engine,-80
test_260911158,engine,80
test_260911412,engine,80
test_260909280,engine,80
test_260912978,engine,80
test_260910044,engine,80
test_260913746,engine,80
test_260911509,engine,-80
test_260912931,engine,-80
test_260913319,engine,80
test_260911142,engine,80
test_260913667,engine,80
test_260913293,engine,-80
test_260912762,engine,80
test_260911141,engine,-80
test_260912572,engine,80
test_260911432,engine,80
test_260910713,engine,-80
test_260913556,engine,80
test_260909469,engine,80
test_260912754,engine,80
test_260910131,engine,-80
test_260911067,engine,-80
test_260910208,engine,80
test_260912356,engine,80
test_260912139,engine,-80
test_260910786,engine,80
test_260913357,engine,-80
test_260912333,engine,80
test_260909062,engine,80
test_260909260,engine,80
test_260912193,engine,-80
test_260913570,engine,80
test_260912434,engine,-80
test_260912361,engine,-80
test_260912205,engine,-80
test_260911510,engine,80
test_260911604,engine,80
test_260911253,engine,-80
test_260910986,engine,-80
test_260909287,engine,80
test_260909327,engine,-80
test_260909524,engine,80
test_260910802,engine,80
test_260911759,engine,-80
test_260912316,engine,80
test_260912363,engine,-80
test_260912473,engine,80
test_260913088,engine,80
test_260913375,engine,-80
test_260911231,engine,80
test_260911844,engine,80
test_260912529,engine,80
test_260911270,engine,80
test_260911450,engine,-80
test_260910481,engine,-80
test_260912968,engine,-80
test_260911605,engine,-80
test_260913523,engine,80
test_260910870,engine,80
test_260910231,engine,80
test_260911928,engine,-80
test_260910229,engine,80
test_260909258,engine,-80
test_260911301,engine,-80
test_260913820,engine,-80
test_260911237,engine,80
test_260912412,engine,80
test_260911325,engine,-80
test_260911371,engine,80
test_260912585,engine,-80
test_260913836,engine,-80
test_260910778,engine,-80
test_260911707,engine,80
test_260913331,engine,-80
test_260909137,engine,-80
test_260911743,engine,80
test_260910527,engine,80
test_260909843,engine,80
test_260912409,engine,80
test_260909917,engine,-80
test_260913427,engine,80
test_260910889,engine,-80
test_260909455,engine,80
test_260911740,engine,80
test_260913072,engine,80
test_260910048,engine,80
test_260913271,engine,-80
test_260909942,engine,80
test_260909375,engine,80
test_260910268,engine,80
test_260909369,engine,-80
test_260913163,engine,80
test_260911157,engine,80
test_260911896,engine,-80
test_260911845,engine,-80
test_260913861,engine,80
test_260912918,engine,80
test_260911716,engine,-80
test_260913016,engine,80
test_260912963,engine,80
test_260909222,engine,80
test_260912467,engine,-80
test_260913260,engine,80
test_260911890,engine,-80
test_260910849,engine,-80
test_260911828,engine,-80
test_260909262,engine,-80
test_260913087,engine,80
test_260909999,engine,-80
test_260909146,engine,-80
test_260909553,engine,80
test_260909749,engine,80
test_260909566,engine,-80
test_260911651,engine,-80
test_260909182,engine,80
test_260913743,engine,80
test_260910738,engine,-80
test_260909644,engine,80
test_260913725,engine,80
test_260913757,engine,-80
test_260912416,engine,80
test_260909263,engine,-80
test_260910083,engine,-80
test_260909167,engine,80
test_260913337,engine,-80
test_260910362,engine,80
test_260910554,engine,-80
test_260910567,engine,80
test_260910110,engine,80
test_260909545,engine,80
test_260912607,engine,-80
test_260913871,engine,-80
test_260911433,engine,80
test_260909283,engine,-80
test_260910151,engine,-80
test_260909859,engine,-80
test_260910655,engine,80
test_260913037,engine,-80
test_260911506,engine,80
test_260909302,engine,-80
test_260913099,engine,-80
test_260912107,engine,-80
test_260912703,engine,-80
test_260912269,engine,80
test_260912336,engine,-80
test_260911835,engine,80
test_260912381,engine,80
test_260910670,engine,-80
test_260911718,engine,80
test_260912865,engine,-80
test_260911449,engine,-80
test_260911872,engine,80
test_260912277,engine,80
test_260911572,engine,80
test_260911255,engine,80
test_260909195,engine,-80
test_260912723,engine,80
test_260911136,engine,80
test_260910021,engine,80
test_260911917,engine,80
test_260913944,engine,80
test_260912899,engine,-80
test_260911379,engine,80
test_260910891,engine,-80
test_260913759,engine,80
test_260913204,engine,-80
test_260909818,engine,80
test_260912627,engine,-80
test_260913641,engine,80
test_260911600,engine,-80
test_260913221,engine,80
test_260909585,engine,-80
test_260909514,engine,-80
test_260913577,engine,80
test_260913056,engine,-80
test_260913359,engine,80
test_260913673,engine,-80
test_260911003,engine,-80
test_260912700,engine,80
test_260913238,engine,-80
test_260912672,engine,80
test_260913434,engine,-80
test_260911475,engine,80
test_260913905,engine,80
test_260909365,engine,80
test_260911739,engine,-80
test_260910205,engine,80
test_260913910,engine,-80
test_260911992,engine,-80
test_260909498,engine,80
test_260912103,engine,80
test_260909237,engine,80
test_260911725,engine,-80
test_260913180,engine,-80
test_260910857,engine,80
test_260911907,engine,80
test_260912733,engine,80
test_260913165,engine,-80
test_260913514,engine,-80
test_260909065,engine,80
test_260909430,engine,80
test_260912500,engine,80
test_260912872,engine,-80
test_260912758,engine,80
test_260913299,engine,80
test_260911210,engine,80
test_260910127,engine,-80
test_260910173,engine,-80
test_260913843,engine,-80
test_260913140,engine,-80
test_260912346,engine,80
test_260911332,engine,80
test_260911901,engine,80
test_260911233,engine,80
test_260910619,engine,80
test_260913007,engine,80
test_260909598,engine,-80
test_260910088,engine,-80
test_260909914,engine,-80
test_260913431,engine,80
test_260912765,engine,-80
test_260910585,engine,80
test_260912576,engine,80
test_260910132,engine,-80
test_260910769,engine,-80
test_260911515,engine,-80
test_260910944,engine,80
test_260911473,engine,80
test_260910209,engine,80
test_260911791,engine,80
test_260910732,engine,80
test_260909852,engine,-80
test_260912480,engine,80
test_260913051,engine,-80
test_260913137,engine,80
test_260913437,engine,-80
test_260910650,engine,-80
test_260913786,engine,-80
test_260910691,engine,80
test_260912141,engine,80
test_260910544,engine,80
test_260912964,engine,80
test_260909786,engine,80
test_260909610,engine,80
test_260910020,engine,80
test_260909073,engine,-80
test_260910755,engine,80
test_260913524,engine,-80
test_260912303,engine,80
test_260910007,engine,80
test_260909567,engine,80
test_260913102,engine,-80
test_260909628,engine,-80
test_260910220,engine,-80
test_260910642,engine,80
test_260911891,engine,-80
test_260913328,engine,80
test_260912665,engine,-80
test_260913436,engine,80
test_260912669,engine,-80
test_260911905,engine,80
test_260913923,engine,-80
test_260909594,engine,-80
test_260910067,engine,80
test_260911821,engine,80
test_260913277,engine,-80
test_260910060,engine,80
test_260910692,engine,80
test_260913148,engine,-80
test_260911724,engine,80
test_260912308,engine,-80
test_260910051,engine,80
test_260913223,engine,80
test_260909355,engine,80
test_260913833,engine,80
test_260910058,engine,-80
test_260909168,engine,80
test_260913550,engine,-80
test_260913268,engine,80
test_260911166,engine,80
test_260912419,engine,-80
test_260913813,engine,80
test_260913078,engine,80
test_260913971,engine,-80
test_260910119,engine,80
test_260913233,engine,80
test_260910462,engine,80
test_260909481,engine,80
test_260909334,engine,80
test_260909413,engine,80
test_260913708,engine,-80
test_260909985,engine,80
test_260909233,engine,80
test_260910056,engine,-80
test_260912655,engine,-80
test_260910767,engine,-80
test_260911380,engine,-80
test_260913780,engine,-80
test_260911556,engine,-80
test_260910128,engine,-80
test_260910588,engine,80
test_260910679,engine,-80
test_260912609,engine,-80
test_260912650,engine,80
test_260913697,engine,-80
test_260912352,engine,80
test_260913785,engine,-80
test_260913778,engine,80
test_260912424,engine,80
test_260912464,engine,80
test_260910454,engine,80
test_260910158,engine,80
test_260910033,engine,-80
test_260912847,engine,80
test_260913828,engine,80
test_260912555,engine,80
test_260909038,engine,80
test_260910206,engine,-80
test_260913291,engine,-80
test_260910500,engine,-80
test_260909266,engine,-80
test_260913911,engine,80
test_260912228,engine,-80
test_260910097,engine,80
test_260912867,engine,80
test_260913567,engine,80
test_260912630,engine,-80
test_260909800,engine,80
test_260910704,engine,80
test_260913967,engine,-80
test_260912190,engine,80
test_260910750,engine,-80
test_260912574,engine,80
test_260911568,engine,80
test_260909170,engine,80
test_260909503,engine,-80
test_260913345,engine,80
test_260912358,engine,80
test_260911878,engine,-80
test_260909701,engine,80
test_260909989,engine,-80
test_260912829,engine,80
test_260912639,engine,80
test_260909215,engine,-80
test_260913181,engine,80
test_260912112,engine,-80
test_260910903,engine,-80
test_260911137,engine,-80
test_260911389,engine,80
test_260909082,engine,80
test_260910730,engine,-80
test_260910835,engine,-80
test_260910326,engine,-80
test_260911121,engine,-80
test_260909926,engine,80
test_260911065,engine,-80
test_260913908,engine,-80
test_260913196,engine,-80
test_260913719,engine,80
test_260913924,engine,80
test_260913332,engine,-80
test_260911700,engine,80
test_260912608,engine,80
test_260910608,engine,-80
test_260912721,engine,80
test_260910470,engine,80
test_260910148,engine,80
test_260912889,engine,80
test_260913965,engine,80
test_260913883,engine,-80
test_260913664,engine,-80
test_260911125,engine,80
test_260909486,engine,-80
test_260913488,engine,-80
test_260912558,engine,80
test_260909188,engine,-80
test_260909802,engine,80
test_260909415,engine,80
test_260909873,engine,80
test_260913620,engine,80
test_260913679,engine,80
test_260912738,engine,80
test_260910408,engine,80
test_260912551,engine,80
test_260912496,engine,80
test_260910752,engine,80
test_260913496,engine,-80
test_260909027,engine,80
test_260911960,engine,80
test_260911930,engine,-80
test_260910377,engine,-80
test_260910257,engine,-80
test_260911862,engine,-80
test_260913379,engine,80
test_260909748,engine,-80
test_260911719,engine,-80
test_260913877,engine,-80
test_260909788,engine,80
test_260911958,engine,80
test_260910068,engine,-80
test_260909816,engine,-80
test_260909117,engine,80
test_260913392,engine,80
test_260910538,engine,-80
test_260911025,engine,80
test_260911840,engine,80
test_260909663,engine,80
test_260909090,engine,80
test_260911084,engine,-80
test_260910240,engine,80
test_260909861,engine,80
test_260912392,engine,80
test_260911177,engine,80
test_260913717,engine,-80
test_260912685,engine,80
test_260910482,engine,80
test_260911406,engine,80
test_260909382,engine,-80
test_260909605,engine,80
test_260913264,engine,80
test_260909030,engine,-80
test_260913597,engine,-80
test_260912182,engine,80
test_260911122,engine,-80
test_260909196,engine,80
test_260911017,engine,-80
test_260909827,engine,80
test_260911375,engine,80
test_260909036,engine,80
test_260911203,engine,-80
test_260912098,engine,-80
test_260911348,engine,80
test_260913426,engine,80
test_260913975,engine,80
test_260909734,engine,80
test_260911532,engine,80
test_260911098,engine,-80
test_260909431,engine,-80
test_260911289,engine,-80
test_260913906,engine,80
test_260911437,engine,80
test_260910863,engine,-80
test_260912773,engine,-80
test_260911318,engine,-80
test_260912707,engine,80
test_260912952,engine,-80
test_260913409,engine,-80
test_260912590,engine,80
test_260910587,engine,-80
test_260910942,engine,80
test_260913831,engine,-80
test_260911305,engine,80
test_260912456,engine,-80
test_260913545,engine,-80
test_260913229,engine,80
test_260910723,engine,-80
test_260912105,engine,80
test_260912664,engine,80
test_260909234,engine,-80
test_260911468,engine,-80
test_260909437,engine,-80
test_260909278,engine,-80
test_260912984,engine,80
test_260912216,engine,80
test_260913060,engine,80
test_260909057,engine,-80
test_260912285,engine,-80
test_260911420,engine,80
test_260909592,engine,-80
test_260912372,engine,-80
test_260912926,engine,80
test_260911751,engine,-80
test_260913019,engine,80
test_260909725,engine,-80
test_260911815,engine,80
test_260909166,engine,-80
test_260909271,engine,80
test_260913347,engine,-80
test_260910586,engine,-80
test_260911971,engine,-80
test_260913035,engine,80
test_260911954,engine,-80
test_260911748,engine,80
test_260913730,engine,-80
test_260910035,engine,80
test_260910014,engine,-80
test_260911949,engine,-80
test_260910510,engine,80
test_260912734,engine,-80
test_260913510,engine,-80
test_260911073,engine,-80
test_260912063,engine,-80
test_260911040,engine,-80
test_260910934,engine,-80
test_260909960,engine,80
test_260910532,engine,80
test_260911596,engine,80
test_260912793,engine,-80
test_260911241,engine,-80
test_260911817,engine,80
test_260909086,engine,80
test_260909026,engine,-80
test_260913305,engine,80
test_260910648,engine,-80
test_260909113,engine,80
test_260912051,engine,80
test_260911630,engine,80
test_260911144,engine,80
test_260913083,engine,80
test_260912986,engine,80
test_260911679,engine,-80
test_260912117,engine,80
test_260913167,engine,80
test_260912844,engine,80
test_260909614,engine,-80
test_260909340,engine,-80
test_260913548,engine,-80
test_260909433,engine,80
test_260913752,engine,80
test_260911522,engine,80
test_260909549,engine,-80
test_260910309,engine,-80
test_260910105,engine,-80
test_260911418,engine,-80
test_260909540,engine,-80
test_260909499,engine,80
test_260909544,engine,80
test_260909597,engine,-80
test_260909928,engine,-80
test_260910632,engine,80
test_260909846,engine,80
test_260912317,engine,80
test_260911514,engine,-80
test_260912795,engine,80
test_260909669,engine,-80
test_260913511,engine,80
test_260912083,engine,-80
test_260909138,engine,80
test_260909403,engine,80
test_260911818,engine,80
test_260909939,engine,-80
test_260910946,engine,-80
test_260913961,engine,80
test_260911422,engine,80
test_260909860,engine,-80
test_260909537,engine,-80
test_260911541,engine,80
test_260909421,engine,-80
test_260912881,engine,80
test_260912291,engine,80
test_260912201,engine,80
test_260912708,engine,80
test_260911745,engine,80
test_260909447,engine,80
test_260910107,engine,-80
test_260909488,engine,80
test_260913090,engine,-80
test_260911543,engine,80
test_260910001,engine,80
test_260913057,engine,-80
test_260912255,engine,80
test_260912843,engine,-80
test_260909392,engine,-80
test_260911062,engine,80
test_260913461,engine,-80
test_260913698,engine,80
test_260912223,engine,80
test_260909872,engine,80
test_260911810,engine,-80
test_260911644,engine,-80
test_260910645,engine,-80
test_260910126,engine,80
test_260911868,engine,-80
test_260913408,engine,-80
test_260909385,engine,-80
test_260910602,engine,80
test_260912907,engine,80
test_260909155,engine,80
test_260911766,engine,80
test_260910023,engine,-80
test_260913473,engine,80
test_260912169,engine,-80
test_260911286,engine,80
test_260913643,engine,-80
test_260910176,engine,-80
test_260913360,engine,-80
test_260912566,engine,-80
test_260913278,engine,80
test_260910981,engine,80
test_260910387,engine,-80
test_260911178,engine,80
test_260911250,engine,80
test_260911964,engine,80
test_260913228,engine,80
test_260910827,engine,-80
test_260912933,engine,80
test_260912967,engine,-80
test_260913005,engine,-80
test_260913127,engine,80
test_260911308,engine,80
test_260912388,engine,-80
test_260912104,engine,80
test_260913110,engine,-80
test_260912550,engine,80
test_260911382,engine,80
test_260910317,engine,80
test_260912845,engine,80
test_260911376,engine,80
test_260909018,engine,80
test_260912958,engine,-80
test_260912482,engine,80
test_260913469,engine,80
test_260912137,engine,80
test_260912491,engine,-80
test_260910837,engine,-80
test_260910912,engine,-80
test_260912481,engine,80
test_260912816,engine,80
test_260909139,engine,80
test_260911505,engine,80
test_260911197,engine,80
test_260909665,engine,80
test_260913959,engine,-80
test_260909331,engine,-80
test_260911946,engine,-80
test_260911956,engine,80
test_260911904,engine,80
test_260911106,engine,80
test_260913760,engine,80
test_260911846,engine,-80
test_260912320,engine,-80
test_260909211,engine,80
test_260911140,engine,80
test_260909189,engine,80
test_260909724,engine,-80
test_260909218,engine,-80
test_260909616,engine,80
test_260912972,engine,80
test_260911467,engine,80
test_260910931,engine,-80
test_260911471,engine,80
test_260909581,engine,-80
test_260909561,engine,-80
test_260909935,engine,-80
test_260911225,engine,80
test_260913368,engine,-80
test_260909341,engine,80
test_260911008,engine,-80
test_260912030,engine,80
test_260913580,engine,-80
test_260911640,engine,80
test_260912427,engine,80
test_260911549,engine,-80
test_260909923,engine,-80
test_260912282,engine,80
test_260912036,engine,-80
test_260911897,engine,80
test_260909286,engine,80
test_260909388,engine,80
test_260910671,engine,-80
test_260909787,engine,-80
test_260911685,engine,80
test_260909904,engine,-80
test_260911499,engine,80
test_260910050,engine,80
test_260912641,engine,80
test_260912198,engine,80
test_260911908,engine,80
test_260909905,engine,80
test_260910147,engine,80
test_260911586,engine,-80
test_260910905,engine,80
test_260910864,engine,-80
test_260909653,engine,80
test_260909491,engine,80
test_260912111,engine,80
test_260912474,engine,-80
test_260909956,engine,-80
test_260910260,engine,80
test_260913715,engine,-80
test_260912461,engine,80
test_260910823,engine,-80
test_260909967,engine,-80
test_260913789,engine,80
test_260909274,engine,-80
test_260909523,engine,-80
test_260913649,engine,-80
test_260910589,engine,80
test_260910673,engine,80
test_260909110,engine,80
test_260911867,engine,-80
test_260911779,engine,80
test_260909584,engine,-80
test_260909913,engine,80
test_260909813,engine,80
test_260911657,engine,80
test_260913991,engine,80
test_260911363,engine,80
test_260912504,engine,80
test_260913603,engine,80
test_260911364,engine,80
test_260910404,engine,80
test_260912781,engine,80
test_260913604,engine,80
test_260913737,engine,-80
test_260913680,engine,80
test_260909714,engine,80
test_260913463,engine,80
test_260911221,engine,-80
test_260909865,engine,-80
test_260912286,engine,80
test_260912878,engine,80
test_260913807,engine,-80
test_260912553,engine,80
test_260912587,engine,80
test_260911873,engine,80
test_260913689,engine,80
test_260910768,engine,80
test_260911769,engine,80
test_260911321,engine,80
test_260912510,engine,80
test_260909069,engine,80
test_260910010,engine,80
test_260911245,engine,-80
test_260913879,engine,80
test_260909463,engine,80
test_260911753,engine,80
test_260909042,engine,-80
test_260913856,engine,-80
test_260910659,engine,80
test_260911684,engine,-80
test_260913340,engine,80
test_260909194,engine,80
test_260910660,engine,80
test_260910049,engine,80
test_260910761,engine,80
test_260912914,engine,80
test_260911571,engine,80
test_260910193,engine,80
test_260911213,engine,-80
test_260911455,engine,80
test_260912759,engine,80
test_260911711,engine,-80
test_260912610,engine,80
test_260912143,engine,-80
test_260913994,engine,80
test_260909143,engine,80
test_260911262,engine,80
test_260913845,engine,80
test_260911297,engine,80
test_260911094,engine,80
test_260909120,engine,80
test_260909551,engine,80
test_260909590,engine,-80
test_260910380,engine,80
test_260909039,engine,-80
test_260912524,engine,80
test_260913583,engine,-80
test_260913174,engine,80
test_260912769,engine,-80
test_260909229,engine,80
test_260910517,engine,-80
test_260910993,engine,-80
test_260909848,engine,80
test_260912202,engine,80
test_260912746,engine,-80
test_260913876,engine,80
test_260911373,engine,80
test_260913685,engine,80
test_260913080,engine,80
test_260909253,engine,80
test_260913193,engine,80
test_260912951,engine,80
test_260909061,engine,-80
test_260910693,engine,80
test_260909691,engine,-80
test_260912739,engine,80
test_260910902,engine,80
test_260909335,engine,-80
test_260909718,engine,80
test_260911095,engine,80
test_260911701,engine,80
test_260909315,engine,-80
test_260913844,engine,80
test_260911070,engine,80
test_260913421,engine,80
test_260910549,engine,80
test_260912487,engine,80
test_260913974,engine,80
test_260912332,engine,80
test_260910307,engine,80
test_260910603,engine,-80
test_260913835,engine,80
test_260910424,engine,80
test_260910860,engine,-80
test_260913320,engine,80
test_260913217,engine,80
test_260910674,engine,-80
test_260909127,engine,80
test_260911007,engine,-80
test_260913041,engine,80
test_260912977,engine,80
test_260912779,engine,-80
test_260911715,engine,-80
test_260910498,engine,80
test_260910939,engine,80
test_260913459,engine,80
test_260909507,engine,-80
test_260912072,engine,80
test_260913576,engine,80
test_260909111,engine,-80
test_260913840,engine,-80
test_260909533,engine,80
test_260911675,engine,-80
test_260912410,engine,-80
test_260909091,engine,80
test_260911893,engine,-80
test_260909633,engine,-80
test_260911057,engine,80
test_260910592,engine,80
test_260909191,engine,-80
test_260910344,engine,80
test_260912674,engine,80
test_260910841,engine,80
test_260909056,engine,-80
test_260909746,engine,80
test_260910496,engine,80
test_260910349,engine,-80
test_260911607,engine,80
test_260911413,engine,-80
test_260911085,engine,80
test_260911916,engine,80
test_260913825,engine,-80
test_260910507,engine,-80
test_260911117,engine,-80
test_260909037,engine,-80
test_260911805,engine,80
test_260912232,engine,-80
test_260910719,engine,80
test_260912905,engine,-80
test_260912171,engine,80
test_260910289,engine,80
test_260913741,engine,80
test_260910144,engine,80
test_260912066,engine,-80
test_260911690,engine,-80
test_260913672,engine,80
test_260912788,engine,80
test_260909673,engine,-80
test_260913149,engine,-80
test_260911284,engine,-80
test_260909685,engine,80
test_260912175,engine,80
test_260913666,engine,80
test_260909994,engine,80
test_260912834,engine,80
test_260913657,engine,80
test_260913252,engine,-80
test_260911317,engine,-80
test_260909123,engine,-80
test_260910618,engine,80
test_260910512,engine,80
test_260912597,engine,-80
test_260910211,engine,80
test_260909006,engine,80
test_260911072,engine,80
test_260913401,engine,-80
test_260913941,engine,-80
test_260910245,engine,-80
test_260912189,engine,80
test_260910686,engine,80
test_260912014,engine,80
test_260912975,engine,80
test_260911387,engine,80
test_260913890,engine,80
test_260911822,engine,-80
test_260912702,engine,80
test_260912542,engine,-80
test_260913870,engine,-80
test_260912244,engine,80
test_260910818,engine,80
test_260912329,engine,-80
test_260909272,engine,80
test_260913341,engine,80
test_260912429,engine,-80
test_260909621,engine,80
test_260911243,engine,80
test_260909625,engine,-80
test_260912929,engine,80
test_260910915,engine,-80
test_260911353,engine,80
test_260913763,engine,80
test_260913270,engine,80
test_260909046,engine,-80
test_260911589,engine,-80
test_260911282,engine,-80
test_260910244,engine,80
test_260909173,engine,80
test_260913156,engine,-80
test_260909351,engine,80
test_260909344,engine,80
test_260909891,engine,80
test_260913665,engine,80
test_260911698,engine,80
test_260909836,engine,80
test_260909054,engine,-80
test_260913075,engine,-80
test_260910445,engine,80
test_260911009,engine,80
test_260911542,engine,-80
test_260912851,engine,80
test_260910961,engine,80
test_260910639,engine,-80
test_260912697,engine,-80
test_260913977,engine,-80
test_260912147,engine,80
test_260913475,engine,-80
test_260912938,engine,-80
test_260912071,engine,-80
test_260909526,engine,-80
test_260909755,engine,-80
test_260910756,engine,80
test_260912047,engine,-80
test_260912268,engine,80
test_260913867,engine,-80
test_260913130,engine,-80
test_260909877,engine,-80
test_260913653,engine,-80
test_260910696,engine,-80
test_260912031,engine,80
test_260913872,engine,80
test_260909898,engine,80
test_260912896,engine,-80
test_260912620,engine,-80
test_260911436,engine,80
test_260910450,engine,80
test_260911683,engine,80
test_260913001,engine,-80
test_260910495,engine,80
test_260909767,engine,-80
test_260909228,engine,-80
test_260910252,engine,80
test_260913092,engine,80
test_260909197,engine,80
test_260912561,engine,80
test_260910327,engine,-80
test_260912251,engine,80
test_260910584,engine,-80
test_260910331,engine,80
test_260913503,engine,-80
test_260910626,engine,-80
test_260912418,engine,-80
test_260910080,engine,80
test_260912305,engine,-80
test_260912545,engine,80
test_260913118,engine,-80
test_260913534,engine,-80
test_260911593,engine,-80
test_260913129,engine,-80
test_260912973,engine,-80
test_260911026,engine,80
test_260909912,engine,80
test_260912145,engine,80
test_260910160,engine,80
test_260909012,engine,-80
test_260910431,engine,80
test_260911232,engine,-80
test_260912053,engine,-80
test_260910308,engine,80
test_260910929,engine,80
test_260913606,engine,80
test_260909588,engine,80
test_260909192,engine,-80
test_260912622,engine,-80
test_260913758,engine,80
test_260911663,engine,-80
test_260910306,engine,-80
test_260909895,engine,80
test_260911598,engine,80
test_260912748,engine,-80
test_260912070,engine,-80
test_260912831,engine,80
test_260909257,engine,80
test_260913997,engine,80
test_260911832,engine,-80
test_260913040,engine,-80
test_260910776,engine,80
test_260911623,engine,80
test_260912077,engine,-80
test_260909451,engine,80
test_260911570,engine,-80
test_260909333,engine,-80
test_260913936,engine,80
test_260909093,engine,-80
test_260913506,engine,80
test_260910780,engine,-80
test_260911186,engine,-80
test_260912074,engine,80
test_260913875,engine,-80
test_260912084,engine,-80
test_260911795,engine,80
test_260911220,engine,-80
test_260911664,engine,80
test_260911357,engine,80
test_260913516,engine,80
test_260910253,engine,80
test_260910557,engine,80
test_260909362,engine,80
test_260911849,engine,80
test_260909728,engine,80
test_260911181,engine,80
test_260909976,engine,-80
test_260913608,engine,-80
test_260911998,engine,-80
test_260913714,engine,80
test_260909817,engine,-80
test_260913342,engine,80
test_260910071,engine,80
test_260911446,engine,80
test_260913166,engine,-80
test_260912342,engine,80
test_260910464,engine,80
test_260911692,engine,-80
test_260910325,engine,80
test_260912235,engine,80
test_260913370,engine,-80
test_260912177,engine,80
test_260909841,engine,-80
test_260913236,engine,-80
test_260910998,engine,80
test_260913096,engine,80
test_260910484,engine,80
test_260909072,engine,80
test_260912135,engine,-80
test_260909674,engine,-80
test_260909318,engine,80
test_260909595,engine,-80
test_260913108,engine,80
test_260913707,engine,80
test_260910566,engine,80
test_260912247,engine,80
test_260913508,engine,80
test_260912109,engine,80
test_260912478,engine,80
test_260912894,engine,-80
test_260910278,engine,-80
test_260913184,engine,80
test_260912917,engine,80
test_260913025,engine,-80
test_260909943,engine,80
test_260913287,engine,80
test_260911090,engine,80
test_260912000,engine,-80
test_260909103,engine,80
test_260912749,engine,80
test_260909130,engine,-80
test_260910728,engine,-80
test_260911855,engine,80
test_260912375,engine,80
test_260912274,engine,80
test_260909604,engine,80
test_260913343,engine,-80
test_260910992,engine,80
test_260910888,engine,-80
test_260910092,engine,-80
test_260913988,engine,80
test_260911945,engine,-80
test_260913578,engine,80
test_260913452,engine,80
test_260910988,engine,80
test_260912408,engine,80
test_260913940,engine,-80
test_260912284,engine,80
test_260911483,engine,80
test_260910364,engine,80
test_260913479,engine,-80
test_260912658,engine,80
test_260912443,engine,80
test_260912382,engine,-80
test_260909907,engine,-80
test_260909781,engine,80
test_260911579,engine,-80
test_260913234,engine,80
test_260910266,engine,-80
test_260912459,engine,80
test_260913460,engine,80
test_260912657,engine,80
test_260911217,engine,80
test_260909226,engine,-80
test_260909726,engine,80
test_260910429,engine,80
test_260909361,engine,80
test_260911469,engine,-80
test_260913456,engine,80
test_260909856,engine,80
test_260911566,engine,80
test_260911497,engine,80
test_260912347,engine,80
test_260911557,engine,-80
test_260912377,engine,80
test_260912421,engine,-80
test_260910862,engine,-80
test_260912554,engine,80
test_260910715,engine,80
test_260912445,engine,80
test_260909951,engine,-80
test_260912493,engine,-80
test_260909982,engine,80
test_260911653,engine,-80
test_260913351,engine,80
test_260912764,engine,-80
test_260912118,engine,-80
test_260909765,engine,-80
test_260911965,engine,80
test_260909839,engine,80
test_260911658,engine,-80
test_260911464,engine,80
test_260911797,engine,-80
test_260913769,engine,80
test_260910710,engine,80
test_260912903,engine,80
test_260911049,engine,80
test_260912340,engine,-80
test_260912460,engine,-80
test_260911709,engine,-80
test_260912055,engine,-80
test_260909576,engine,-80
test_260909326,engine,-80
test_260913395,engine,80
test_260912164,engine,80
test_260910760,engine,80
test_260911544,engine,80
test_260912212,engine,80
test_260910358,engine,-80
test_260911428,engine,-80
test_260909515,engine,80
test_260909071,engine,80
test_260910711,engine,80
test_260912287,engine,-80
test_260913412,engine,-80
test_260911781,engine,-80
test_260912407,engine,-80
test_260912431,engine,-80
test_260913520,engine,80
test_260910448,engine,80
test_260911666,engine,-80
test_260909055,engine,80
test_260913466,engine,80
test_260913053,engine,-80
test_260910054,engine,80
test_260910775,engine,80
test_260912042,engine,80
test_260913489,engine,80
test_260911145,engine,-80
test_260912692,engine,80
test_260911414,engine,80
test_260913912,engine,-80
test_260913711,engine,-80
test_260913575,engine,-80
test_260911812,engine,-80
test_260913810,engine,-80
test_260911239,engine,-80
test_260909013,engine,80
test_260913397,engine,80
test_260911172,engine,80
test_260910400,engine,-80
test_260910237,engine,80
test_260912806,engine,-80
test_260910491,engine,-80
test_260913732,engine,80
test_260911764,engine,-80
test_260910859,engine,-80
test_260913413,engine,80
test_260910893,engine,-80
test_260910790,engine,-80
test_260911554,engine,-80
test_260912696,engine,-80
test_260910041,engine,80
test_260912450,engine,80
test_260912711,engine,80
test_260910446,engine,80
test_260909449,engine,80
test_260910104,engine,80
test_260912335,engine,-80
test_260912698,engine,80
test_260912509,engine,80
test_260910249,engine,80
test_260913858,engine,-80
test_260911721,engine,80
test_260909261,engine,-80
test_260909857,engine,80
test_260910771,engine,80
test_260909527,engine,80
test_260909035,engine,80
test_260909401,engine,-80
test_260912018,engine,-80
test_260909954,engine,80
test_260913462,engine,-80
test_260910018,engine,80
test_260913280,engine,80
test_260912400,engine,80
test_260912001,engine,-80
test_260909387,engine,80
test_260913195,engine,-80
test_260911209,engine,-80
test_260912605,engine,-80
test_260913690,engine,-80
test_260911585,engine,-80
test_260913363,engine,-80
test_260911032,engine,80
test_260913532,engine,-80
test_260910471,engine,80
test_260913609,engine,-80
test_260910121,engine,80
test_260911688,engine,80
test_260910101,engine,80
test_260913693,engine,80
test_260909044,engine,-80
test_260909149,engine,-80
test_260912298,engine,-80
test_260913662,engine,80
test_260911036,engine,80
test_260909186,engine,80
test_260910982,engine,80
test_260913349,engine,80
test_260910550,engine,-80
test_260910597,engine,-80
test_260909136,engine,80
test_260910678,engine,80
test_260910297,engine,80
test_260912559,engine,80
test_260912726,engine,80
test_260912513,engine,80
test_260911452,engine,80
test_260910908,engine,-80
test_260913671,engine,80
test_260909792,engine,-80
test_260913145,engine,-80
test_260909969,engine,80
test_260912812,engine,80
test_260911999,engine,-80
test_260910651,engine,-80
test_260910172,engine,80
test_260913029,engine,80
test_260911398,engine,80
test_260912595,engine,80
test_260909040,engine,80
test_260912142,engine,-80
test_260913274,engine,-80
test_260909023,engine,80
test_260913386,engine,80
test_260909548,engine,-80
test_260913887,engine,80
test_260911096,engine,-80
test_260910284,engine,80
test_260913866,engine,80
test_260913186,engine,80
test_260913158,engine,-80
test_260910456,engine,-80
test_260911319,engine,80
test_260913565,engine,80
test_260910366,engine,80
test_260909360,engine,80
test_260913907,engine,-80
test_260913104,engine,-80
test_260913723,engine,-80
test_260913006,engine,80
test_260910920,engine,-80
test_260909080,engine,80
test_260910685,engine,-80
test_260910190,engine,-80
test_260912158,engine,80
test_260912272,engine,-80
test_260913854,engine,80
test_260909517,engine,-80
test_260910417,engine,-80
test_260911756,engine,80
test_260910938,engine,80
test_260913554,engine,80
test_260912499,engine,80
test_260912378,engine,-80
test_260909516,engine,-80
test_260909273,engine,-80
test_260910427,engine,-80
test_260911784,engine,80
test_260913747,engine,80
test_260913441,engine,80
test_260909277,engine,-80
test_260910169,engine,80
test_260911823,engine,80
test_260913540,engine,80
test_260910016,engine,-80
test_260909024,engine,-80
test_260911987,engine,-80
test_260911458,engine,-80
test_260912502,engine,80
test_260913084,engine,80
test_260911508,engine,80
test_260910466,engine,-80
test_260909456,engine,-80
test_260910189,engine,80
test_260913179,engine,-80
test_260911359,engine,80
test_260912983,engine,80
test_260913774,engine,80
test_260913792,engine,80
test_260910522,engine,-80
test_260910357,engine,-80
test_260913521,engine,-80
test_260912654,engine,80
test_260912204,engine,80
test_260912019,engine,80
test_260913189,engine,80
test_260912167,engine,-80
test_260910887,engine,-80
test_260911765,engine,80
test_260910754,engine,80
test_260913187,engine,-80
test_260911370,engine,80
test_260911804,engine,-80
test_260911535,engine,-80
test_260912331,engine,80
test_260913161,engine,-80
test_260911622,engine,-80
test_260912849,engine,-80
test_260911328,engine,-80
test_260910003,engine,-80
test_260910529,engine,-80
test_260910008,engine,-80
test_260912942,engine,-80
test_260913996,engine,-80
test_260912520,engine,80
test_260909122,engine,80
test_260913829,engine,80
test_260911678,engine,80
test_260913525,engine,80
test_260913164,engine,-80
test_260910672,engine,-80
test_260911642,engine,80
test_260912005,engine,80
test_260910795,engine,80
test_260911246,engine,80
test_260910646,engine,-80
test_260909428,engine,80
test_260910171,engine,80
test_260910797,engine,-80
test_260912191,engine,-80
test_260911662,engine,80
test_260909866,engine,-80
test_260911621,engine,-80
test_260911768,engine,-80
test_260912666,engine,-80
test_260911397,engine,-80
test_260913065,engine,80
test_260913154,engine,80
test_260910947,engine,-80
test_260909443,engine,80
test_260912226,engine,80
test_260909464,engine,80
test_260910748,engine,80
test_260913455,engine,80
test_260909660,engine,-80
test_260913928,engine,80
test_260910192,engine,80
test_260909161,engine,-80
test_260912152,engine,80
test_260909193,engine,-80
test_260911456,engine,80
test_260909104,engine,80
test_260911132,engine,-80
test_260913849,engine,80
test_260912296,engine,80
test_260913987,engine,80
test_260910282,engine,80
test_260911525,engine,-80
test_260913823,engine,80
test_260913655,engine,80
test_260911165,engine,-80
test_260909343,engine,80
test_260912505,engine,80
test_260911329,engine,-80
test_260909172,engine,80
test_260909897,engine,-80
test_260909297,engine,80
test_260911089,engine,-80
test_260909643,engine,-80
test_260912417,engine,80
test_260909087,engine,-80
test_260912037,engine,-80
test_260913724,engine,80
test_260909632,engine,-80
test_260913555,engine,80
test_260910368,engine,80
test_260910441,engine,-80
test_260913444,engine,-80
test_260913734,engine,-80
test_260911066,engine,80
test_260910749,engine,80
test_260911578,engine,-80
test_260911041,engine,80
test_260909617,engine,80
test_260911808,engine,80
test_260910390,engine,80
test_260910276,engine,-80
test_260910333,engine,80
test_260909970,engine,-80
test_260913485,engine,80
test_260913901,engine,-80
test_260909838,engine,-80
test_260910476,engine,-80
test_260911280,engine,-80
test_260909070,engine,-80
test_260911788,engine,-80
test_260913700,engine,80
test_260910250,engine,-80
test_260913581,engine,-80
test_260911267,engine,-80
test_260911774,engine,-80
test_260911091,engine,80
test_260913688,engine,80
test_260913235,engine,80
test_260909010,engine,80
test_260909079,engine,-80
test_260911356,engine,-80
test_260912519,engine,80
test_260909661,engine,80
test_260910606,engine,80
test_260909511,engine,-80
test_260912662,engine,-80
test_260910099,engine,-80
test_260910969,engine,80
test_260912724,engine,80
test_260910354,engine,80
test_260913841,engine,80
test_260913668,engine,80
test_260910839,engine,-80
test_260913539,engine,80
test_260912563,engine,-80
test_260912643,engine,-80
test_260910502,engine,80
test_260913733,engine,80
test_260909450,engine,80
test_260913797,engine,-80
test_260911659,engine,-80
test_260913304,engine,80
test_260910182,engine,-80
test_260910179,engine,80
test_260911196,engine,80
test_260912313,engine,80
test_260913113,engine,-80
test_260912134,engine,80
test_260913893,engine,80
test_260912802,engine,80
test_260911962,engine,80
test_260909418,engine,-80
test_260910438,engine,80
test_260911892,engine,80
test_260910480,engine,-80
test_260911826,engine,80
test_260909699,engine,80
test_260909004,engine,-80
test_260909750,engine,80
test_260912517,engine,-80
test_260909383,engine,-80
test_260912616,engine,-80
test_260911366,engine,80
test_260909307,engine,-80
test_260911581,engine,-80
test_260910669,engine,-80
test_260912817,engine,80
test_260911302,engine,80
test_260909480,engine,-80
test_260911959,engine,80
test_260909758,engine,-80
test_260911470,engine,-80
test_260910906,engine,80
test_260911618,engine,-80
test_260913781,engine,-80
test_260913491,engine,-80
test_260909909,engine,80
test_260911649,engine,-80
test_260912691,engine,80
test_260912543,engine,-80
test_260912374,engine,-80
test_260910914,engine,-80
test_260911634,engine,80
test_260910460,engine,-80
test_260911022,engine,80
test_260910093,engine,80
test_260913616,engine,-80
test_260913044,engine,80
test_260909235,engine,-80
test_260913081,engine,80
test_260911076,engine,-80
test_260913776,engine,80
test_260910369,engine,-80
test_260912862,engine,80
test_260913610,engine,80
test_260910556,engine,-80
test_260911256,engine,80
test_260909198,engine,-80
test_260911211,engine,-80
test_260910277,engine,80
test_260909981,engine,-80
test_260913097,engine,-80
test_260913886,engine,-80
test_260911454,engine,80
test_260909705,engine,80
test_260913369,engine,80
test_260912060,engine,80
test_260909470,engine,-80
test_260913888,engine,80
test_260909316,engine,80
test_260911995,engine,-80
test_260909154,engine,80
test_260910784,engine,-80
test_260913430,engine,80
test_260913194,engine,-80
test_260909910,engine,-80
test_260913978,engine,-80
test_260913946,engine,80
test_260910017,engine,80
test_260912295,engine,80
test_260913231,engine,-80
test_260913362,engine,80
test_260911124,engine,80
test_260913300,engine,-80
test_260912376,engine,80
test_260909232,engine,80
test_260911761,engine,80
test_260911665,engine,80
test_260909116,engine,80
test_260911480,engine,-80
test_260911937,engine,80
test_260909959,engine,-80
test_260912512,engine,80
test_260910301,engine,-80
test_260911601,engine,-80
test_260911439,engine,80
test_260910161,engine,-80
test_260909578,engine,80
test_260909687,engine,-80
test_260910455,engine,80
test_260910530,engine,80
test_260910202,engine,80
test_260912682,engine,80
test_260912271,engine,80
test_260909270,engine,80
test_260913472,engine,-80
test_260913934,engine,-80
test_260911339,engine,80
test_260913751,engine,80
test_260912873,engine,80
test_260913446,engine,-80
test_260913155,engine,80
test_260910702,engine,80
test_260909958,engine,80
test_260911384,engine,80
test_260909058,engine,-80
test_260909564,engine,-80
test_260911842,engine,-80
test_260912102,engine,80
test_260910398,engine,-80
test_260912023,engine,-80
test_260912635,engine,80
test_260912562,engine,80
test_260912693,engine,-80
test_260911409,engine,80
test_260910275,engine,80
test_260913191,engine,-80
test_260909291,engine,-80
test_260911900,engine,80
test_260913756,engine,-80
test_260911611,engine,80
test_260913486,engine,80
test_260913585,engine,-80
test_260912623,engine,-80
test_260909300,engine,-80
test_260912436,engine,-80
test_260911042,engine,-80
test_260912315,engine,80
test_260910531,engine,80
test_260910235,engine,80
test_260913500,engine,-80
test_260910314,engine,80
test_260911580,engine,-80
test_260912640,engine,80
test_260911595,engine,80
test_260912584,engine,80
test_260909741,engine,80
test_260913178,engine,80
test_260911763,engine,80
test_260911491,engine,80
test_260913095,engine,80
test_260910596,engine,-80
test_260912965,engine,80
test_260911234,engine,-80
test_260912385,engine,-80
test_260913754,engine,80
test_260910487,engine,-80
test_260910739,engine,80
test_260912678,engine,80
test_260912183,engine,80
test_260913216,engine,80
test_260912080,engine,-80
test_260911126,engine,-80
test_260912002,engine,-80
test_260910804,engine,-80
test_260909472,engine,80
test_260910777,engine,80
test_260913312,engine,80
test_260913952,engine,80
test_260912170,engine,80
test_260909001,engine,-80
test_260912761,engine,80
test_260910953,engine,80
test_260910675,engine,-80
test_260911677,engine,80
test_260912794,engine,80
test_260913457,engine,80
test_260909563,engine,-80
test_260911899,engine,80
test_260912770,engine,80
test_260913739,engine,-80
test_260911462,engine,80
test_260910074,engine,80
test_260913124,engine,-80
test_260910114,engine,80
test_260910486,engine,-80
test_260913202,engine,80
test_260911583,engine,80
test_260913922,engine,80
test_260912852,engine,80
test_260912580,engine,80
test_260911972,engine,-80
test_260909582,engine,-80
test_260909473,engine,80
test_260909874,engine,80
test_260913039,engine,-80
test_260909306,engine,-80
test_260912634,engine,-80
test_260909246,engine,-80
test_260912452,engine,80
test_260911757,engine,-80
test_260909367,engine,80
test_260912260,engine,-80
test_260913712,engine,80
test_260912636,engine,80
test_260909930,engine,-80
test_260910972,engine,80
test_260909809,engine,80
test_260911190,engine,80
test_260913267,engine,-80
test_260911442,engine,-80
test_260909830,engine,80
test_260911773,engine,80
test_260913086,engine,80
test_260913033,engine,-80
test_260909992,engine,80
test_260910140,engine,80
test_260913826,engine,80
test_260912220,engine,-80
test_260909064,engine,80
test_260912547,engine,80
test_260912528,engine,80
test_260910706,engine,-80
test_260913704,engine,80
test_260910106,engine,80
test_260911927,engine,80
test_260912470,engine,80
test_260913931,engine,80
test_260913716,engine,80
test_260913079,engine,80
test_260910950,engine,80
test_260909534,engine,80
test_260912043,engine,-80
test_260910324,engine,80
test_260911967,engine,-80
test_260910700,engine,-80
test_260913542,engine,80
test_260910130,engine,80
test_260912401,engine,80
test_260912148,engine,80
test_260913701,engine,-80
test_260910042,engine,80
test_260913656,engine,-80
test_260913762,engine,-80
test_260911012,engine,-80
test_260912556,engine,80
test_260910555,engine,80
test_260911290,engine,-80
test_260912565,engine,80
test_260910910,engine,-80
test_260910006,engine,80
test_260911417,engine,-80
test_260909888,engine,-80
test_260909214,engine,-80
test_260911979,engine,80
test_260913588,engine,-80
test_260912477,engine,80
test_260912681,engine,-80
test_260909579,engine,80
test_260912818,engine,-80
test_260912668,engine,80
test_260911638,engine,80
test_260913024,engine,-80
test_260911806,engine,80
test_260912797,engine,-80
test_260912415,engine,-80
test_260909231,engine,-80
test_260909768,engine,-80
test_260909570,engine,-80
test_260911457,engine,-80
test_260910156,engine,80
test_260913232,engine,80
test_260910627,engine,80
test_260910154,engine,-80
test_260913979,engine,80
test_260909399,engine,80
test_260911071,engine,-80
test_260911629,engine,-80
test_260909100,engine,80
test_260909820,engine,-80
test_260910833,engine,80
test_260911134,engine,80
test_260913215,engine,-80
test_260913266,engine,80
test_260911226,engine,80
test_260912430,engine,-80
test_260912187,engine,80
test_260909114,engine,-80
test_260910383,engine,-80
test_260913564,engine,80
test_260910582,engine,-80
test_260913027,engine,-80
test_260910568,engine,80
test_260913594,engine,-80
test_260912712,engine,-80
test_260911594,engine,80
test_260913568,engine,80
test_260912040,engine,80
test_260909028,engine,80
test_260909796,engine,-80
test_260910469,engine,80
test_260909106,engine,80
test_260913953,engine,80
test_260910259,engine,80
test_260913220,engine,80
test_260912994,engine,80
test_260911444,engine,80
test_260909179,engine,-80
test_260909381,engine,-80
test_260910581,engine,-80
test_260913745,engine,-80
test_260909993,engine,80
test_260913647,engine,-80
test_260910355,engine,80
test_260913385,engine,80
test_260910572,engine,-80
test_260913317,engine,80
test_260909849,engine,80
test_260909435,engine,80
test_260910330,engine,80
test_260911161,engine,80
test_260912389,engine,-80
test_260909693,engine,-80
test_260912540,engine,-80
test_260912132,engine,80
test_260913529,engine,-80
test_260911970,engine,-80
test_260910152,engine,80
test_260913250,engine,80
test_260910451,engine,80
test_260909248,engine,80
test_260910433,engine,80
test_260913962,engine,80
test_260909275,engine,80
test_260912560,engine,80
test_260911394,engine,-80
test_260913948,engine,80
test_260912688,engine,80
test_260913885,engine,-80
test_260913913,engine,80
test_260911193,engine,80
test_260911075,engine,80
test_260910612,engine,-80
test_260913817,engine,-80
test_260910879,engine,80
test_260913629,engine,80
test_260911013,engine,80
test_260913482,engine,80
test_260909467,engine,80
test_260909121,engine,80
test_260909323,engine,80
test_260909770,engine,80
test_260912353,engine,80
test_260912928,engine,80
test_260909454,engine,-80
test_260909243,engine,-80
test_260909710,engine,80
test_260910452,engine,80
test_260912041,engine,-80
test_260911915,engine,80
test_260909971,engine,-80
test_260913429,engine,80
test_260912064,engine,80
test_260909906,engine,80
test_260910810,engine,80
test_260911938,engine,-80
test_260911350,engine,-80
test_260913254,engine,80
test_260910546,engine,80
test_260913243,engine,80
test_260913170,engine,-80
test_260909330,engine,80
test_260913998,engine,80
test_260911809,engine,-80
test_260910828,engine,80
test_260909730,engine,-80
test_260912034,engine,80
test_260912549,engine,80
test_260909053,engine,80
test_260912807,engine,80
test_260910926,engine,-80
test_260913618,engine,80
test_260909378,engine,-80
test_260912386,engine,-80
test_260909640,engine,80
test_260912916,engine,80
test_260912875,engine,-80
test_260911408,engine,-80
test_260912174,engine,80
test_260912919,engine,-80
test_260909868,engine,80
test_260910524,engine,80
test_260909416,engine,80
test_260911857,engine,80
test_260911306,engine,80
test_260911316,engine,-80
test_260911490,engine,80
test_260912280,engine,-80
test_260911943,engine,-80
test_260911360,engine,-80
test_260911802,engine,80
test_260912805,engine,-80
test_260909671,engine,-80
test_260909641,engine,80
test_260912567,engine,80
test_260911214,engine,80
test_260913070,engine,-80
test_260910477,engine,80
test_260913169,engine,80
test_260910200,engine,-80
test_260913160,engine,80
test_260912864,engine,80
test_260911431,engine,80
test_260911866,engine,80
test_260912200,engine,-80
test_260909317,engine,-80
test_260911139,engine,80
test_260909409,engine,80
test_260913945,engine,-80
test_260911164,engine,-80
test_260911792,engine,80
test_260910410,engine,80
test_260909358,engine,80
test_260912437,engine,-80
test_260911447,engine,80
test_260912302,engine,80
test_260912136,engine,-80
test_260913361,engine,80
test_260909945,engine,80
test_260913768,engine,-80
test_260911159,engine,-80
test_260913069,engine,-80
test_260913639,engine,-80
test_260913439,engine,80
test_260913208,engine,-80
test_260909847,engine,80
test_260911848,engine,-80
test_260913646,engine,80
test_260910800,engine,-80
test_260911771,engine,-80
test_260910636,engine,80
test_260912814,engine,-80
test_260911921,engine,-80
test_260910346,engine,80
test_260909150,engine,80
test_260913396,engine,-80
test_260909964,engine,-80
test_260912791,engine,-80
test_260909156,engine,80
test_260909667,engine,80
test_260911993,engine,80
test_260913285,engine,-80
test_260909583,engine,80
test_260910305,engine,80
test_260910222,engine,-80
test_260910536,engine,80
test_260910945,engine,80
test_260910573,engine,-80
test_260911582,engine,80
test_260911852,engine,80
test_260911367,engine,-80
test_260913787,engine,80
test_260913481,engine,-80
test_260909259,engine,80
test_260909505,engine,80
test_260910499,engine,80
test_260912611,engine,80
test_260909285,engine,80
test_260910216,engine,80
test_260912304,engine,80
test_260909826,engine,80
test_260910347,engine,80
test_260911706,engine,-80
test_260912403,engine,80
test_260910180,engine,-80
test_260913937,engine,80
test_260910607,engine,80
test_260912160,engine,80
test_260913062,engine,80
test_260909185,engine,80
test_260909862,engine,-80
test_260913980,engine,-80
test_260913487,engine,80
test_260909020,engine,-80
test_260909426,engine,80
test_260912211,engine,80
test_260912253,engine,-80
test_260909854,engine,80
test_260909476,engine,80
test_260911189,engine,80
test_260909882,engine,80
test_260910265,engine,80
test_260911138,engine,80
test_260912394,engine,-80
test_260911388,engine,80
test_260913670,engine,80
test_260912341,engine,-80
test_260909586,engine,-80
test_260909124,engine,-80
test_260910435,engine,-80
test_260911691,engine,80
test_260909033,engine,80
test_260909528,engine,-80
test_260913126,engine,-80
test_260910575,engine,-80
test_260910269,engine,-80
test_260911403,engine,80
test_260910583,engine,80
test_260911720,engine,-80
test_260912660,engine,80
test_260911055,engine,80
test_260913245,engine,80
test_260909664,engine,-80
test_260912091,engine,80
test_260911103,engine,80
test_260909219,engine,80
test_260913043,engine,-80
test_260910514,engine,80
test_260912715,engine,80
test_260913318,engine,-80
test_260909652,engine,-80
test_260910183,engine,-80
test_260912604,engine,-80
test_260912379,engine,-80
test_260909975,engine,80
test_260912138,engine,80
test_260910199,engine,80
test_260913283,engine,80
test_260911681,engine,80
test_260911223,engine,80
test_260909875,engine,80
test_260910501,engine,-80
test_260909984,engine,80
test_260912548,engine,80
test_260910503,engine,-80
test_260913806,engine,-80
test_260912694,engine,80
test_260912985,engine,80
test_260912238,engine,-80
test_260911511,engine,-80
test_260909876,engine,-80
test_260911453,engine,-80
test_260911588,engine,80
test_260909603,engine,-80
test_260909288,engine,-80
test_260912362,engine,80
test_260910168,engine,80
test_260910697,engine,-80
test_260913082,engine,80
test_260909880,engine,-80
test_260911646,engine,80
test_260909803,engine,80
test_260912099,engine,-80
test_260911789,engine,80
test_260910861,engine,80
test_260909886,engine,-80
test_260909929,engine,80
test_260912557,engine,80
test_260911777,engine,80
test_260910019,engine,-80
test_260913242,engine,80
test_260912801,engine,-80
test_260912101,engine,-80
test_260912172,engine,-80
test_260909142,engine,80
test_260912449,engine,80
test_260910984,engine,-80
test_260909901,engine,-80
test_260909084,engine,80
test_260909165,engine,80
test_260912319,engine,80
test_260912600,engine,-80
test_260909933,engine,-80
test_260913348,engine,80
test_260909502,engine,80
test_260909611,engine,80
test_260910565,engine,-80
test_260912405,engine,-80
test_260913440,engine,-80
test_260913177,engine,80
test_260910694,engine,-80
test_260911555,engine,-80
test_260910925,engine,80
test_260911637,engine,-80
test_260913367,engine,-80
test_260911123,engine,80
test_260911671,engine,-80
test_260910167,engine,80
test_260909485,engine,-80
test_260913559,engine,-80
test_260913531,engine,80
test_260913109,engine,80
test_260909844,engine,-80
test_260911814,engine,80
test_260909129,engine,-80
test_260911074,engine,-80
test_260913114,engine,80
test_260909471,engine,-80
test_260911438,engine,80
test_260913710,engine,80
test_260913346,engine,80
test_260909041,engine,80
test_260909720,engine,-80
test_260909411,engine,-80
test_260910198,engine,-80
test_260911747,engine,-80
test_260911616,engine,-80
test_260910960,engine,-80
test_260913406,engine,80
test_260909879,engine,80
test_260913963,engine,-80
test_260911560,engine,80
test_260912516,engine,-80
test_260910463,engine,80
test_260910708,engine,-80
test_260913546,engine,80
test_260910395,engine,80
test_260910563,engine,80
test_260910064,engine,80
test_260912637,engine,80
test_260909745,engine,80
test_260909940,engine,-80
test_260913838,engine,-80
test_260909577,engine,80
test_260911383,engine,-80
test_260912599,engine,-80
test_260913133,engine,80
test_260910509,engine,-80
test_260911029,engine,80
test_260910858,engine,80
test_260909133,engine,-80
test_260911230,engine,80
test_260909658,engine,80
test_260909587,engine,80
test_260909245,engine,-80
test_260910733,engine,-80
test_260909225,engine,-80
test_260912883,engine,80
test_260911813,engine,-80
test_260913249,engine,80
test_260913864,engine,-80
test_260912950,engine,-80
test_260911650,engine,-80
test_260913263,engine,80
test_260910409,engine,80
test_260909853,engine,-80
test_260910234,engine,-80
test_260909059,engine,80
test_260910294,engine,80
test_260909646,engine,-80
test_260912856,engine,80
test_260909052,engine,80
test_260912652,engine,80
test_260910779,engine,80
test_260912173,engine,80
test_260912056,engine,80
test_260911737,engine,80
test_260913012,engine,-80
test_260911858,engine,-80
test_260913209,engine,80
test_260913010,engine,80
test_260913244,engine,80
test_260909060,engine,80
test_260912893,engine,80
test_260909961,engine,-80
test_260911112,engine,80
test_260909397,engine,-80
test_260912110,engine,80
test_260911592,engine,-80
test_260909833,engine,-80
test_260909312,engine,80
test_260913390,engine,-80
test_260913225,engine,80
test_260909213,engine,80
test_260912784,engine,80
test_260909789,engine,80
test_260911269,engine,-80
test_260913350,engine,-80
test_260910661,engine,-80
test_260909050,engine,80
test_260909396,engine,80
test_260910459,engine,-80
test_260913313,engine,80
test_260913954,engine,-80
test_260913563,engine,80
test_260910994,engine,80
test_260911722,engine,80
test_260909955,engine,80
test_260909089,engine,-80
test_260912146,engine,80
test_260909345,engine,80
test_260913771,engine,-80
test_260911349,engine,80
test_260911222,engine,-80
test_260913865,engine,80
test_260911481,engine,-80
test_260913809,engine,-80
test_260912859,engine,-80
test_260909719,engine,80
test_260910329,engine,-80
test_260912649,engine,-80
test_260913935,engine,-80
test_260909925,engine,-80
test_260911279,engine,80
test_260909654,engine,80
test_260909908,engine,-80
test_260912275,engine,-80
test_260910615,engine,-80
test_260910907,engine,80
test_260910281,engine,80
test_260911345,engine,-80
test_260911200,engine,80
test_260912730,engine,80
test_260911615,engine,80
test_260913654,engine,80
test_260909744,engine,80
test_260911780,engine,-80
test_260909825,engine,-80
test_260910396,engine,-80
test_260910709,engine,80
test_260911729,engine,-80
test_260910913,engine,-80
test_260913355,engine,80
test_260909108,engine,80
test_260912186,engine,80
test_260913131,engine,80
test_260912757,engine,-80
test_260910055,engine,80
test_260913365,engine,-80
test_260913146,engine,80
test_260913574,engine,-80
test_260912531,engine,80
test_260909769,engine,-80
test_260913830,engine,-80
test_260910621,engine,80
test_260913023,engine,-80
test_260910047,engine,80
test_260911687,engine,-80
test_260913571,engine,80
test_260913527,engine,-80
test_260913042,engine,-80
test_260913851,engine,-80
test_260912208,engine,-80
test_260909269,engine,80
test_260909068,engine,-80
test_260910975,engine,80
test_260909952,engine,-80
test_260909510,engine,-80
test_260909697,engine,80
test_260913322,engine,80
test_260910138,engine,80
test_260911654,engine,-80
test_260909390,engine,80
test_260912709,engine,-80
test_260911974,engine,-80
test_260912521,engine,80
test_260912249,engine,80
test_260909613,engine,80
test_260913329,engine,-80
test_260911425,engine,-80
test_260910489,engine,-80
test_260910897,engine,-80
test_260911874,engine,80
test_260913790,engine,-80
test_260912004,engine,80
test_260911486,engine,80
test_260912680,engine,80
test_260910580,engine,80
test_260909356,engine,80
test_260910221,engine,-80
test_260910744,engine,80
test_260912081,engine,80
test_260909772,engine,80
test_260910336,engine,-80
test_260909539,engine,80
test_260912506,engine,80
test_260912179,engine,80
test_260910716,engine,-80
test_260911988,engine,-80
test_260911682,engine,80
test_260913721,engine,-80
test_260909696,engine,-80
test_260911875,engine,-80
test_260912514,engine,80
test_260910490,engine,80
test_260912922,engine,80
test_260911861,engine,80
test_260909479,engine,80
test_260912937,engine,80
test_260913261,engine,80
test_260913709,engine,-80
test_260909459,engine,80
test_260913973,engine,-80
test_260912463,engine,-80
test_260912581,engine,-80
test_260911631,engine,80
test_260910057,engine,-80
test_260910647,engine,80
test_260910493,engine,-80
test_260913729,engine,-80
test_260909709,engine,-80
test_260911287,engine,-80
test_260910871,engine,80
test_260910488,engine,-80
test_260913119,engine,-80
test_260911351,engine,80
test_260912949,engine,80
test_260910073,engine,-80
test_260911516,engine,80
test_260911865,engine,80
test_260909377,engine,-80
test_260911175,engine,80
test_260913573,engine,80
test_260912468,engine,80
test_260909047,engine,-80
test_260913227,engine,80
test_260909303,engine,-80
test_260911148,engine,80
test_260910224,engine,-80
test_260909531,engine,80
test_260909599,engine,-80
test_260910291,engine,-80
test_260912451,engine,80
test_260911734,engine,-80
test_260911599,engine,80
test_260911811,engine,-80
test_260912777,engine,-80
test_260912257,engine,80
test_260910848,engine,80
test_260913176,engine,80
test_260913175,engine,80
test_260909593,engine,80
test_260911489,engine,-80
test_260912264,engine,-80
test_260911303,engine,-80
test_260913767,engine,-80
test_260910844,engine,80
test_260909429,engine,-80
test_260913190,engine,-80
test_260913990,engine,80
test_260913560,engine,80
test_260909855,engine,-80
test_260911352,engine,80
test_260912714,engine,80
test_260911704,engine,-80
test_260912406,engine,80
test_260912199,engine,80
test_260909374,engine,80
test_260910108,engine,-80
test_260913198,engine,-80
test_260911391,engine,-80
test_260911310,engine,-80
test_260912735,engine,80
test_260911545,engine,80
test_260909339,engine,-80
test_260912263,engine,80
test_260909996,engine,-80
test_260912846,engine,80
test_260910842,engine,-80
test_260913495,engine,80
test_260911575,engine,-80
test_260910954,engine,80
test_260912207,engine,-80
test_260910046,engine,80
test_260912029,engine,-80
test_260912153,engine,80
test_260909737,engine,-80
test_260911839,engine,80
test_260913601,engine,-80
test_260910638,engine,80
test_260912782,engine,80
test_260913634,engine,80
test_260911635,engine,-80
test_260910086,engine,-80
test_260913059,engine,80
test_260912485,engine,80
test_260911559,engine,80
test_260911994,engine,80
test_260912885,engine,80
test_260910829,engine,-80
test_260910869,engine,-80
test_260911833,engine,-80
test_260913052,engine,-80
test_260912176,engine,80
test_260912294,engine,80
test_260910053,engine,80
test_260911365,engine,80
test_260913372,engine,-80
test_260911215,engine,80
test_260910272,engine,80
test_260910868,engine,-80
test_260911655,engine,80
test_260912774,engine,-80
test_260909445,engine,80
test_260911752,engine,80
test_260909807,engine,80
test_260913115,engine,-80
test_260910072,engine,80
test_260913592,engine,80
test_260910564,engine,80
test_260912798,engine,-80
test_260910381,engine,-80
test_260912188,engine,80
test_260912570,engine,80
test_260912957,engine,-80
test_260909666,engine,-80
test_260909647,engine,-80
test_260909793,engine,-80
test_260909541,engine,80
test_260913855,engine,-80
test_260910442,engine,-80
test_260911975,engine,-80
test_260910247,engine,80
test_260912022,engine,80
test_260910590,engine,80
test_260909801,engine,80
test_260913518,engine,-80
test_260912471,engine,-80
test_260912075,engine,80
test_260913032,engine,80
test_260909869,engine,80
test_260913296,engine,80
test_260912632,engine,-80
test_260913168,engine,-80
test_260910102,engine,80
test_260913182,engine,-80
test_260910801,engine,-80
test_260910552,engine,80
test_260910516,engine,-80
test_260913144,engine,80
test_260913822,engine,80
test_260909077,engine,-80
test_260911195,engine,-80
test_260910402,engine,-80
test_260911931,engine,80
test_260909493,engine,-80
test_260913932,engine,80
test_260909708,engine,80
test_260912246,engine,-80
test_260909963,engine,-80
test_260912010,engine,80
test_260912961,engine,-80
test_260912891,engine,-80
test_260910485,engine,-80
test_260913808,engine,80
test_260909575,engine,-80
test_260909159,engine,-80
test_260912956,engine,-80
test_260911936,engine,80
test_260911171,engine,-80
test_260910973,engine,80
test_260909635,engine,80
test_260912011,engine,-80
test_260910872,engine,80
test_260909134,engine,80
test_260913183,engine,80
test_260913544,engine,-80
test_260910980,engine,80
test_260913638,engine,80
test_260909164,engine,80
test_260910406,engine,80
test_260913834,engine,80
test_260910242,engine,-80
test_260910299,engine,-80
test_260912830,engine,-80
test_260909239,engine,80
test_260910707,engine,80
test_260909408,engine,80
test_260909602,engine,-80
test_260913423,engine,80
test_260909713,engine,-80
test_260912790,engine,80
test_260913438,engine,80
test_260913765,engine,80
test_260913107,engine,-80
test_260909398,engine,80
test_260910059,engine,80
test_260912653,engine,80
test_260909881,engine,80
test_260913476,engine,-80
test_260909783,engine,80
test_260909760,engine,-80
test_260910813,engine,80
test_260911201,engine,80
test_260910990,engine,-80
test_260909268,engine,-80
test_260910918,engine,-80
test_260909636,engine,80
test_260910374,engine,80
test_260910886,engine,-80
test_260911038,engine,80
test_260912582,engine,80
test_260911976,engine,80
test_260913425,engine,80
test_260911735,engine,-80
test_260911259,engine,-80
test_260910458,engine,80
test_260909465,engine,-80
test_260909743,engine,80
test_260910881,engine,80
test_260911834,engine,-80
test_260909936,engine,-80
test_260910233,engine,80
test_260912181,engine,80
test_260909546,engine,-80
test_260913853,engine,80
test_260909991,engine,-80
test_260913205,engine,-80
test_260911981,engine,-80
test_260909867,engine,80
test_260912262,engine,-80
test_260910528,engine,-80
test_260912819,engine,80
test_260910386,engine,-80
test_260912488,engine,-80
test_260913981,engine,-80
test_260910122,engine,-80
test_260912892,engine,80
test_260911696,engine,80
test_260911355,engine,80
test_260912825,engine,-80
test_260911001,engine,80
test_260910703,engine,-80
test_260911569,engine,-80
test_260911378,engine,80
test_260910217,engine,-80
test_260911973,engine,-80
test_260912833,engine,-80
test_260910426,engine,-80
test_260912941,engine,-80
test_260913240,engine,80
test_260909308,engine,80
test_260910394,engine,-80
test_260912007,engine,80
test_260911315,engine,80
test_260910680,engine,80
test_260909204,engine,80
test_260912706,engine,80
test_260909074,engine,80
test_260910722,engine,80
test_260911785,engine,-80
test_260911114,engine,80
test_260910727,engine,80
test_260912398,engine,-80
test_260912753,engine,80
test_260909484,engine,80
test_260909723,engine,80
test_260911783,engine,80
test_260910293,engine,-80
test_260911776,engine,80
test_260910270,engine,80
test_260913338,engine,-80
test_260909208,engine,80
test_260912858,engine,-80
test_260912293,engine,-80
test_260913517,engine,80
test_260911011,engine,80
test_260912718,engine,80
test_260911252,engine,-80
test_260913153,engine,80
test_260911244,engine,80
test_260909980,engine,80
test_260912367,engine,80
test_260911368,engine,80
test_260910350,engine,80
test_260912745,engine,-80
test_260910449,engine,-80
test_260912314,engine,-80
test_260910991,engine,80
test_260912884,engine,-80
test_260909962,engine,80
test_260911669,engine,-80
test_260909404,engine,80
test_260913512,engine,-80
test_260909242,engine,-80
test_260912203,engine,80
test_260913157,engine,80
test_260911609,engine,80
test_260913582,engine,80
test_260912292,engine,-80
test_260911894,engine,80
test_260909627,engine,80
test_260910613,engine,-80
test_260909721,engine,80
test_260912966,engine,80
test_260912507,engine,-80
test_260912596,engine,80
test_260909811,engine,80
test_260911929,engine,80
test_260909148,engine,-80
test_260909927,engine,-80
test_260909107,engine,-80
test_260911636,engine,-80
test_260912813,engine,80
test_260912185,engine,-80
test_260909085,engine,-80
test_260913015,engine,-80
test_260913200,engine,-80
test_260913031,engine,80
test_260913103,engine,-80
test_260913718,engine,80
test_260909988,engine,-80
test_260909032,engine,80
test_260909029,engine,80
test_260910504,engine,80
test_260909550,engine,80
test_260909735,engine,-80
test_260912648,engine,80
test_260910230,engine,-80
test_260910643,engine,80
test_260913681,engine,80
test_260913074,engine,-80
test_260910515,engine,80
test_260910807,engine,-80
test_260909209,engine,80
test_260910955,engine,80
test_260912787,engine,-80
test_260912532,engine,80
test_260912140,engine,-80
test_260909256,engine,-80
test_260911354,engine,80
test_260910457,engine,80
test_260912811,engine,-80
test_260911465,engine,80
test_260913443,engine,80
test_260909782,engine,80
test_260911919,engine,80
test_260912243,engine,80
test_260913889,engine,-80
test_260910958,engine,80
test_260913773,engine,-80
test_260910932,engine,80
test_260913003,engine,80
test_260910494,engine,80
test_260910667,engine,-80
test_260912357,engine,-80
test_260910351,engine,-80
test_260912866,engine,-80
test_260912772,engine,-80
test_260911035,engine,80
test_260911118,engine,-80
test_260909201,engine,-80
test_260913077,engine,80
test_260912479,engine,80
test_260911023,engine,-80
test_260912492,engine,80
test_260913799,engine,80
test_260909686,engine,80
test_260913976,engine,80
test_260911460,engine,-80
test_260909878,engine,80
test_260910523,engine,-80
test_260913258,engine,-80
test_260911819,engine,80
test_260912722,engine,80
test_260911207,engine,80
test_260910616,engine,-80
test_260912240,engine,-80
test_260913480,engine,80
test_260913607,engine,80
test_260909088,engine,80
test_260911034,engine,80
test_260909649,engine,-80
test_260913273,engine,80
test_260912048,engine,-80
test_260912613,engine,-80
test_260911421,engine,80
test_260912131,engine,80
test_260910609,engine,80
test_260910353,engine,80
test_260913417,engine,80
test_260911127,engine,80
test_260912732,engine,80
test_260909466,engine,80
test_260913045,engine,-80
test_260909978,engine,-80
test_260913599,engine,-80
test_260913964,engine,-80
test_260912384,engine,80
test_260910125,engine,-80
test_260910806,engine,-80
test_260913551,engine,-80
test_260911295,engine,-80
test_260912603,engine,80
test_260911183,engine,80
test_260910974,engine,80
test_260910677,engine,-80
test_260913310,engine,80
test_260911461,engine,80
test_260911151,engine,-80
test_260911374,engine,-80
test_260913848,engine,80
test_260912946,engine,80
test_260909224,engine,80
test_260911261,engine,-80
test_260909063,engine,80
test_260912096,engine,80
test_260911627,engine,80
test_260912861,engine,-80
test_260909180,engine,80
test_260909522,engine,80
test_260910641,engine,-80
test_260909822,engine,80
test_260911110,engine,-80
test_260910682,engine,80
test_260912236,engine,80
test_260911924,engine,-80
test_260912971,engine,-80
test_260911296,engine,80
test_260910124,engine,80
test_260913094,engine,80
test_260909645,engine,80
test_260912601,engine,-80
test_260912594,engine,-80
test_260911843,engine,80
test_260911053,engine,80
test_260909890,engine,-80
test_260909683,engine,80
test_260909128,engine,80
test_260912038,engine,-80
test_260912578,engine,-80
test_260910668,engine,80
test_260912887,engine,80
test_260912888,engine,-80
test_260910746,engine,-80
test_260911224,engine,80
test_260909630,engine,-80
test_260913247,engine,80
test_260913874,engine,-80
test_260911018,engine,80
test_260912826,engine,-80
test_260910937,engine,80
test_260909220,engine,80
test_260911130,engine,-80
test_260912195,engine,-80
test_260912079,engine,80
test_260909690,engine,-80
test_260909132,engine,80
test_260912839,engine,-80
test_260909325,engine,80
test_260912457,engine,80
test_260913925,engine,80
test_260912476,engine,80
test_260910542,engine,-80
test_260912564,engine,80
test_260911888,engine,-80
test_260909501,engine,-80
test_260913422,engine,80
test_260909780,engine,-80
test_260911648,engine,-80
test_260913628,engine,-80
test_260912624,engine,80
test_260909475,engine,-80
test_260912210,engine,80
test_260913259,engine,80
test_260912796,engine,80
test_260913381,engine,80
test_260910629,engine,80
test_260909294,engine,80
test_260910634,engine,80
test_260912469,engine,80
test_260911537,engine,80
test_260912776,engine,80
test_260911617,engine,80
test_260911092,engine,80
test_260911912,engine,-80
test_260910030,engine,-80
test_260910468,engine,-80
test_260913926,engine,80
test_260913047,engine,-80
test_260910194,engine,-80
test_260911951,engine,-80
test_260910009,engine,-80
test_260911980,engine,80
test_260909574,engine,-80
test_260912619,engine,-80
test_260913311,engine,80
test_260912390,engine,-80
test_260909025,engine,-80
test_260910384,engine,80
test_260910405,engine,80
test_260912508,engine,-80
test_260909422,engine,80
test_260913325,engine,80
test_260909864,engine,80
test_260911854,engine,80
test_260909771,engine,80
test_260911562,engine,-80
test_260912278,engine,80
test_260911502,engine,80
test_260910204,engine,80
test_260913632,engine,80
test_260909618,engine,80
test_260912276,engine,80
test_260909626,engine,80
test_260913004,engine,80
test_260909112,engine,80
test_260912163,engine,-80
test_260909639,engine,-80
test_260912354,engine,80
test_260913804,engine,80
test_260910766,engine,80
test_260913949,engine,-80
test_260913630,engine,80
test_260913930,engine,-80
test_260911300,engine,80
test_260911278,engine,80
test_260909530,engine,80
test_260909495,engine,-80
test_260913450,engine,80
test_260913640,engine,80
test_260909834,engine,-80
test_260912995,engine,-80
test_260909216,engine,-80
test_260912670,engine,-80
test_260912544,engine,-80
test_260909591,engine,80
test_260909363,engine,80
test_260910271,engine,-80
test_260910025,engine,-80
test_260912901,engine,-80
test_260911850,engine,80
test_260909151,engine,80
test_260910851,engine,-80
test_260913985,engine,80
test_260909098,engine,-80
test_260909738,engine,-80
test_260910096,engine,80
test_260909097,engine,80
test_260913120,engine,80
test_260912945,engine,-80
test_260910063,engine,-80
test_260911551,engine,80
test_260912067,engine,80
test_260909764,engine,80
test_260910845,engine,80
test_260910226,engine,80
test_260911952,engine,80
test_260913255,engine,80
test_260909434,engine,-80
test_260913502,engine,80
test_260911889,engine,80
test_260913085,engine,80
test_260912991,engine,80
test_260913795,engine,80
test_260911212,engine,80
test_260913726,engine,80
test_260911733,engine,80
test_260910624,engine,80
test_260913197,engine,-80
test_260911668,engine,80
test_260913772,engine,-80
test_260912447,engine,-80
test_260910414,engine,-80
test_260913533,engine,-80
test_260911984,engine,80
test_260913519,engine,80
test_260911674,engine,80
test_260910576,engine,80
test_260910559,engine,-80
test_260913921,engine,80
test_260912438,engine,-80
test_260912756,engine,-80
test_260911326,engine,-80
test_260912720,engine,-80
test_260910077,engine,80
test_260909444,engine,-80
test_260909301,engine,80
test_260909957,engine,80
test_260912068,engine,-80
test_260912742,engine,80
test_260911969,engine,-80
test_260912387,engine,-80
test_260913501,engine,80
test_260911093,engine,-80
test_260913411,engine,80
test_260913569,engine,-80
test_260909364,engine,-80
test_260912254,engine,-80
test_260910356,engine,-80
test_260910479,engine,-80
test_260913453,engine,80
test_260912009,engine,80
test_260909899,engine,80
test_260913419,engine,80
test_260912495,engine,80
test_260912289,engine,-80
test_260910342,engine,80
test_260909393,engine,-80
test_260910191,engine,80
test_260912902,engine,80
test_260913098,engine,80
test_260910623,engine,-80
test_260912290,engine,-80
test_260910519,engine,-80
test_260909206,engine,-80
test_260909797,engine,-80
test_260909497,engine,-80
test_260911647,engine,-80
test_260912840,engine,80
test_260910335,engine,80
test_260912465,engine,80
test_260910239,engine,-80
test_260911037,engine,80
test_260909556,engine,80
test_260912350,engine,-80
test_260909347,engine,80
test_260913999,engine,80
test_260911695,engine,-80
test_260909015,engine,80
test_260912910,engine,80
test_260912716,engine,80
test_260912855,engine,80
test_260911710,engine,-80
test_260911498,engine,80
test_260913566,engine,80
test_260910757,engine,-80
test_260912399,engine,-80
test_260910774,engine,-80
test_260911050,engine,-80
test_260910911,engine,-80
test_260913344,engine,80
test_260910724,engine,-80
test_260913135,engine,80
test_260912783,engine,-80
test_260913947,engine,80
test_260913034,engine,80
test_260911298,engine,80
test_260911307,engine,80
test_260909892,engine,-80
test_260911990,engine,-80
test_260909453,engine,80
test_260913334,engine,-80
test_260912194,engine,-80
test_260913613,engine,-80
test_260913339,engine,80
test_260910378,engine,80
test_260910874,engine,-80
test_260913302,engine,80
test_260911229,engine,-80
test_260909814,engine,80
test_260909313,engine,80
test_260912569,engine,80
test_260911871,engine,-80
test_260909689,engine,80
test_260911343,engine,80
test_260913257,engine,-80
test_260912221,engine,80
test_260909573,engine,-80
test_260909659,engine,-80
test_260909747,engine,-80
test_260913123,engine,80
test_260913159,engine,80
test_260909427,engine,80
test_260912713,engine,80
test_260909798,engine,-80
test_260910085,engine,80
test_260913373,engine,80
test_260909490,engine,-80
test_260910838,engine,80
test_260911182,engine,80
test_260911260,engine,80
test_260909753,engine,80
test_260910251,engine,-80
test_260910399,engine,-80
test_260909175,engine,80
test_260911864,engine,80
test_260910811,engine,80
test_260912768,engine,80
test_260909200,engine,80
test_260911643,engine,80
test_260913253,engine,80
test_260912621,engine,-80
test_260909629,engine,80
test_260911078,engine,80
test_260913878,engine,-80
test_260910604,engine,80
test_260913203,engine,-80
test_260913212,engine,80
test_260909655,engine,80
test_260912215,engine,-80
test_260909812,engine,80
test_260913722,engine,-80
test_260913224,engine,80
test_260910783,engine,-80
test_260910737,engine,-80
test_260912045,engine,80
test_260910262,engine,-80
test_260909568,engine,80
test_260913614,engine,80
test_260909678,engine,80
test_260911625,engine,80
test_260911713,engine,80
test_260909921,engine,80
test_260909241,engine,80
test_260910136,engine,-80
test_260913138,engine,80
test_260909920,engine,-80
test_260910461,engine,80
test_260910846,engine,80
test_260911288,engine,-80
test_260912913,engine,-80
test_260910966,engine,80
test_260913938,engine,-80
test_260909319,engine,80
test_260912705,engine,-80
test_260910241,engine,-80
test_260909620,engine,-80
test_260911910,engine,80
test_260909442,engine,80
test_260911474,engine,-80
test_260912076,engine,-80
test_260910856,engine,-80
test_260910664,engine,-80
test_260912923,engine,-80
test_260912912,engine,80
test_260910631,engine,-80
test_260909600,engine,-80
test_260910599,engine,80
test_260911602,engine,-80
test_260910443,engine,-80
test_260911155,engine,-80
test_260911451,engine,80
test_260911782,engine,-80
test_260910936,engine,80
test_260909717,engine,80
test_260909609,engine,80
test_260909525,engine,-80
test_260910228,engine,-80
test_260913307,engine,80
test_260912323,engine,80
test_260910012,engine,-80
test_260910300,engine,-80
test_260913101,engine,-80
test_260911385,engine,80
test_260911149,engine,-80
test_260912100,engine,80
test_260909322,engine,80
test_260913309,engine,-80
test_260911419,engine,80
test_260911236,engine,80
test_260910805,engine,-80
test_260909987,engine,80
test_260910781,engine,-80
test_260912270,engine,-80
test_260909254,engine,80
test_260909370,engine,80
test_260909310,engine,80
test_260909160,engine,80
test_260910310,engine,-80
test_260911941,engine,-80
test_260911786,engine,80
test_260911100,engine,80
test_260909520,engine,80
test_260909624,engine,-80
test_260912837,engine,80
test_260910439,engine,80
test_260910116,engine,80
test_260911920,engine,-80
test_260910895,engine,80
test_260912180,engine,-80
test_260913636,engine,-80
test_260913728,engine,-80
test_260910819,engine,80
test_260912397,engine,-80
test_260912052,engine,-80
test_260911396,engine,-80
test_260909298,engine,-80
test_260912288,engine,80
test_260911548,engine,-80
test_260911362,engine,80
test_260911291,engine,-80
test_260913330,engine,80
test_260911168,engine,80
test_260911495,engine,-80
test_260912150,engine,-80
test_260910577,engine,-80
